DATE,DEXSFUS
2000-01-03,6.1260
2000-01-04,6.0850
2000-01-05,6.0700
2000-01-06,6.0800
2000-01-07,6.0570
2000-01-10,6.0765
2000-01-11,6.0900
2000-01-12,6.0685
2000-01-13,6.0570
2000-01-14,6.0750
2000-01-17,6.0750
2000-01-18,6.0890
2000-01-19,6.1140
2000-01-20,6.1000
2000-01-21,6.1280
2000-01-24,6.1675
2000-01-25,6.1617
2000-01-26,6.1750
2000-01-27,6.2270
2000-01-28,6.3575
2000-01-31,6.3125
2000-02-01,6.2800
2000-02-02,6.2825
2000-02-03,6.2575
2000-02-04,6.2860
2000-02-07,6.2905
2000-02-08,6.2990
2000-02-09,6.3200
2000-02-10,6.3425
2000-02-11,6.3610
2000-02-14,6.3550
2000-02-15,6.3550
2000-02-16,6.3375
2000-02-17,6.3250
2000-02-18,6.3250
2000-02-21,6.3250
2000-02-22,6.3130
2000-02-23,6.3350
2000-02-24,6.3290
2000-02-25,6.3120
2000-02-28,6.3725
2000-02-29,6.3400
2000-03-01,6.3525
2000-03-02,6.3680
2000-03-03,6.4900
2000-03-06,6.5000
2000-03-07,6.5230
2000-03-08,6.4825
2000-03-09,6.4025
2000-03-10,6.3875
2000-03-13,6.4350
2000-03-14,6.4400
2000-03-15,6.4750
2000-03-16,6.4500
2000-03-17,6.4700
2000-03-20,6.4920
2000-03-21,6.4840
2000-03-22,6.4575
2000-03-23,6.4780
2000-03-24,6.4835
2000-03-27,6.4650
2000-03-28,6.4900
2000-03-29,6.5125
2000-03-30,6.5790
2000-03-31,6.5350
2000-04-03,6.5650
2000-04-04,6.5600
2000-04-05,6.6025
2000-04-06,6.5750
2000-04-07,6.5610
2000-04-10,6.5550
2000-04-11,6.5925
2000-04-12,6.5740
2000-04-13,6.5645
2000-04-14,6.5835
2000-04-17,6.6210
2000-04-18,6.6100
2000-04-19,6.6380
2000-04-20,6.7020
2000-04-21,6.7400
2000-04-24,6.7325
2000-04-25,6.7305
2000-04-26,6.8050
2000-04-27,6.8650
2000-04-28,6.7830
2000-05-01,6.7850
2000-05-02,6.7750
2000-05-03,6.8450
2000-05-04,6.9225
2000-05-05,6.9400
2000-05-08,6.9400
2000-05-09,7.0900
2000-05-10,7.0755
2000-05-11,6.9750
2000-05-12,7.0400
2000-05-15,7.0400
2000-05-16,7.0725
2000-05-17,7.1175
2000-05-18,7.1340
2000-05-19,7.1800
2000-05-22,7.1175
2000-05-23,7.0550
2000-05-24,7.1180
2000-05-25,7.1475
2000-05-26,7.1350
2000-05-29,7.1350
2000-05-30,7.0515
2000-05-31,6.9675
2000-06-01,6.9875
2000-06-02,6.9300
2000-06-05,6.9250
2000-06-06,6.9450
2000-06-07,6.9725
2000-06-08,7.0475
2000-06-09,7.0040
2000-06-12,7.0280
2000-06-13,7.0050
2000-06-14,6.9300
2000-06-15,6.9000
2000-06-16,6.8300
2000-06-19,6.8660
2000-06-20,6.9050
2000-06-21,6.9300
2000-06-22,6.9190
2000-06-23,6.8800
2000-06-26,6.8780
2000-06-27,6.8175
2000-06-28,6.8100
2000-06-29,6.8225
2000-06-30,6.7900
2000-07-03,6.8125
2000-07-04,6.8125
2000-07-05,6.7850
2000-07-06,6.8500
2000-07-07,6.8450
2000-07-10,6.8250
2000-07-11,6.8100
2000-07-12,6.8350
2000-07-13,6.8450
2000-07-14,6.8900
2000-07-17,6.9275
2000-07-18,6.9475
2000-07-19,6.9800
2000-07-20,6.9225
2000-07-21,6.9250
2000-07-24,6.9550
2000-07-25,6.9600
2000-07-26,6.9450
2000-07-27,6.9420
2000-07-28,6.9750
2000-07-31,6.9650
2000-08-01,6.9750
2000-08-02,6.9900
2000-08-03,7.0100
2000-08-04,6.9675
2000-08-07,6.9515
2000-08-08,6.9850
2000-08-09,7.0030
2000-08-10,6.9540
2000-08-11,6.8990
2000-08-14,6.9165
2000-08-15,6.9420
2000-08-16,6.9375
2000-08-17,6.9250
2000-08-18,6.9470
2000-08-21,6.9620
2000-08-22,6.9885
2000-08-23,6.9650
2000-08-24,6.9490
2000-08-25,6.9050
2000-08-28,6.9490
2000-08-29,6.9525
2000-08-30,6.9600
2000-08-31,6.9760
2000-09-01,6.9450
2000-09-04,6.9450
2000-09-05,7.0340
2000-09-06,7.0850
2000-09-07,7.1050
2000-09-08,7.0950
2000-09-11,7.1150
2000-09-12,7.1420
2000-09-13,7.1090
2000-09-14,7.1500
2000-09-15,7.1735
2000-09-18,7.2800
2000-09-19,7.2900
2000-09-20,7.3350
2000-09-21,7.3150
2000-09-22,7.2500
2000-09-25,7.2390
2000-09-26,7.2050
2000-09-27,7.2550
2000-09-28,7.2680
2000-09-29,7.2190
2000-10-02,7.1975
2000-10-03,7.2350
2000-10-04,7.2440
2000-10-05,7.2700
2000-10-06,7.3000
2000-10-09,7.3000
2000-10-10,7.3700
2000-10-11,7.4020
2000-10-12,7.4600
2000-10-13,7.4950
2000-10-16,7.5775
2000-10-17,7.5650
2000-10-18,7.7125
2000-10-19,7.6700
2000-10-20,7.5850
2000-10-23,7.5800
2000-10-24,7.6005
2000-10-25,7.6200
2000-10-26,7.6850
2000-10-27,7.6060
2000-10-30,7.5590
2000-10-31,7.5600
2000-11-01,7.4987
2000-11-02,7.5300
2000-11-03,7.5325
2000-11-06,7.5480
2000-11-07,7.6240
2000-11-08,7.6645
2000-11-09,7.7425
2000-11-10,7.6020
2000-11-13,7.6500
2000-11-14,7.6580
2000-11-15,7.6890
2000-11-16,7.6850
2000-11-17,7.7075
2000-11-20,7.7675
2000-11-21,7.8200
2000-11-22,7.8300
2000-11-23,7.8300
2000-11-24,7.8350
2000-11-27,7.7710
2000-11-28,7.7875
2000-11-29,7.7740
2000-11-30,7.7500
2000-12-01,7.6550
2000-12-04,7.6450
2000-12-05,7.6550
2000-12-06,7.5820
2000-12-07,7.6175
2000-12-08,7.6400
2000-12-11,7.6680
2000-12-12,7.7430
2000-12-13,7.7725
2000-12-14,7.7375
2000-12-15,7.6900
2000-12-18,7.6800
2000-12-19,7.7150
2000-12-20,7.6600
2000-12-21,7.6300
2000-12-22,7.5675
2000-12-25,7.5675
2000-12-26,7.5500
2000-12-27,7.5375
2000-12-28,7.5625
2000-12-29,7.5700
2001-01-01,7.5700
2001-01-02,7.5690
2001-01-03,7.5025
2001-01-04,7.5430
2001-01-05,7.5600
2001-01-08,7.5950
2001-01-09,7.7200
2001-01-10,7.9780
2001-01-11,7.8450
2001-01-12,7.8250
2001-01-15,7.8250
2001-01-16,7.8250
2001-01-17,7.8575
2001-01-18,7.8675
2001-01-19,7.8740
2001-01-22,7.8700
2001-01-23,7.8350
2001-01-24,7.8800
2001-01-25,7.8650
2001-01-26,7.8950
2001-01-29,7.8750
2001-01-30,7.8000
2001-01-31,7.7700
2001-02-01,7.7300
2001-02-02,7.7750
2001-02-05,7.7775
2001-02-06,7.7900
2001-02-07,7.8800
2001-02-08,7.9875
2001-02-09,7.8670
2001-02-12,7.8350
2001-02-13,7.9010
2001-02-14,7.8800
2001-02-15,7.8775
2001-02-16,7.8460
2001-02-19,7.8460
2001-02-20,7.7640
2001-02-21,7.8000
2001-02-22,7.8400
2001-02-23,7.8500
2001-02-26,7.7820
2001-02-27,7.7230
2001-02-28,7.7020
2001-03-01,7.7375
2001-03-02,7.7440
2001-03-05,7.7700
2001-03-06,7.8900
2001-03-07,7.9250
2001-03-08,7.7260
2001-03-09,7.7550
2001-03-12,7.7760
2001-03-13,7.7900
2001-03-14,7.8610
2001-03-15,7.8482
2001-03-16,7.9475
2001-03-19,8.0000
2001-03-20,7.9775
2001-03-21,7.9950
2001-03-22,8.0300
2001-03-23,7.9700
2001-03-26,7.9520
2001-03-27,8.0030
2001-03-28,8.0100
2001-03-29,8.0100
2001-03-30,8.0375
2001-04-02,8.1100
2001-04-03,8.1200
2001-04-04,8.0740
2001-04-05,8.0825
2001-04-06,8.0650
2001-04-09,8.0650
2001-04-10,8.0365
2001-04-11,8.0370
2001-04-12,8.0220
2001-04-13,8.0430
2001-04-16,8.0350
2001-04-17,8.1500
2001-04-18,8.1250
2001-04-19,8.1410
2001-04-20,8.1620
2001-04-23,8.1480
2001-04-24,8.1040
2001-04-25,8.1075
2001-04-26,8.0150
2001-04-27,7.9675
2001-04-30,8.0350
2001-05-01,8.0225
2001-05-02,8.0350
2001-05-03,8.0975
2001-05-04,8.0350
2001-05-07,7.9860
2001-05-08,8.0060
2001-05-09,7.9500
2001-05-10,7.9550
2001-05-11,7.9700
2001-05-14,7.9875
2001-05-15,8.0040
2001-05-16,8.0175
2001-05-17,7.9675
2001-05-18,7.9320
2001-05-21,7.8975
2001-05-22,7.9130
2001-05-23,7.9500
2001-05-24,7.9650
2001-05-25,7.9050
2001-05-28,7.9050
2001-05-29,7.9400
2001-05-30,7.9800
2001-05-31,8.0200
2001-06-01,8.0350
2001-06-04,8.0400
2001-06-05,8.0480
2001-06-06,8.0880
2001-06-07,8.0950
2001-06-08,8.0650
2001-06-11,8.0990
2001-06-12,8.1050
2001-06-13,8.0900
2001-06-14,8.0400
2001-06-15,8.0000
2001-06-18,8.0525
2001-06-19,8.0725
2001-06-20,8.0950
2001-06-21,8.0625
2001-06-22,8.0375
2001-06-25,8.0490
2001-06-26,8.0210
2001-06-27,8.0400
2001-06-28,8.0650
2001-06-29,8.0500
2001-07-02,8.0175
2001-07-03,8.0140
2001-07-04,8.0140
2001-07-05,8.1450
2001-07-06,8.2075
2001-07-09,8.2130
2001-07-10,8.2500
2001-07-11,8.2600
2001-07-12,8.2800
2001-07-13,8.2600
2001-07-16,8.2615
2001-07-17,8.2450
2001-07-18,8.2500
2001-07-19,8.2825
2001-07-20,8.2560
2001-07-23,8.2150
2001-07-24,8.1890
2001-07-25,8.2080
2001-07-26,8.1630
2001-07-27,8.1950
2001-07-30,8.2290
2001-07-31,8.2560
2001-08-01,8.2450
2001-08-02,8.2300
2001-08-03,8.2525
2001-08-06,8.3055
2001-08-07,8.2850
2001-08-08,8.2950
2001-08-09,8.2900
2001-08-10,8.2275
2001-08-13,8.2780
2001-08-14,8.2775
2001-08-15,8.2275
2001-08-16,8.2370
2001-08-17,8.2750
2001-08-20,8.3125
2001-08-21,8.4060
2001-08-22,8.3860
2001-08-23,8.3550
2001-08-24,8.3753
2001-08-27,8.4000
2001-08-28,8.3600
2001-08-29,8.3460
2001-08-30,8.3690
2001-08-31,8.4300
2001-09-03,8.4300
2001-09-04,8.4700
2001-09-05,8.5000
2001-09-06,8.5225
2001-09-07,8.4750
2001-09-10,8.5300
2001-09-11,8.5300
2001-09-12,8.6175
2001-09-13,8.6198
2001-09-14,8.6147
2001-09-17,8.6301
2001-09-18,8.6534
2001-09-19,8.6403
2001-09-20,8.7013
2001-09-21,8.7798
2001-09-24,8.7544
2001-09-25,8.7714
2001-09-26,8.8713
2001-09-27,8.9852
2001-09-28,9.0249
2001-10-01,9.0661
2001-10-02,9.1850
2001-10-03,9.3587
2001-10-04,9.2840
2001-10-05,9.2560
2001-10-08,9.2560
2001-10-09,9.2640
2001-10-10,9.2100
2001-10-11,9.1625
2001-10-12,9.1450
2001-10-15,9.0220
2001-10-16,9.2350
2001-10-17,9.2600
2001-10-18,9.2380
2001-10-19,9.2537
2001-10-22,9.5130
2001-10-23,9.4770
2001-10-24,9.3775
2001-10-25,9.3675
2001-10-26,9.3750
2001-10-29,9.2896
2001-10-30,9.3970
2001-10-31,9.4325
2001-11-01,9.5300
2001-11-02,9.5410
2001-11-05,9.4850
2001-11-06,9.4580
2001-11-07,9.5425
2001-11-08,9.5400
2001-11-09,9.6300
2001-11-12,9.6300
2001-11-13,9.6930
2001-11-14,9.6675
2001-11-15,9.5700
2001-11-16,9.5660
2001-11-19,9.6850
2001-11-20,9.7311
2001-11-21,9.9175
2001-11-22,9.9175
2001-11-23,9.9600
2001-11-26,9.9030
2001-11-27,9.9797
2001-11-28,9.8525
2001-11-29,10.2190
2001-11-30,10.3060
2001-12-03,10.3600
2001-12-04,10.5962
2001-12-05,10.8260
2001-12-06,10.9300
2001-12-07,11.1700
2001-12-10,11.0200
2001-12-11,11.1100
2001-12-12,11.1500
2001-12-13,11.5400
2001-12-14,12.2000
2001-12-17,12.0500
2001-12-18,12.2300
2001-12-19,12.5000
2001-12-20,13.6000
2001-12-21,12.4100
2001-12-24,12.0000
2001-12-25,12.0000
2001-12-26,11.9900
2001-12-27,11.8400
2001-12-28,12.0000
2001-12-31,12.0000
2002-01-01,12.0000
2002-01-02,12.4700
2002-01-03,12.4050
2002-01-04,12.1360
2002-01-07,11.7700
2002-01-08,11.4800
2002-01-09,11.4500
2002-01-10,11.5500
2002-01-11,11.4200
2002-01-14,11.5500
2002-01-15,11.7200
2002-01-16,11.6700
2002-01-17,11.4450
2002-01-18,11.5000
2002-01-21,11.5000
2002-01-22,11.6900
2002-01-23,11.3900
2002-01-24,11.2550
2002-01-25,11.4000
2002-01-28,11.5500
2002-01-29,11.4100
2002-01-30,11.4600
2002-01-31,11.4200
2002-02-01,11.6800
2002-02-04,11.6350
2002-02-05,11.6300
2002-02-06,11.4800
2002-02-07,11.4562
2002-02-08,11.4800
2002-02-11,11.5800
2002-02-12,11.4300
2002-02-13,11.5300
2002-02-14,11.5650
2002-02-15,11.4500
2002-02-18,11.4500
2002-02-19,11.5150
2002-02-20,11.4100
2002-02-21,11.4400
2002-02-22,11.4400
2002-02-25,11.4750
2002-02-26,11.4050
2002-02-27,11.3930
2002-02-28,11.3600
2002-03-01,11.2825
2002-03-04,10.9750
2002-03-05,11.0050
2002-03-06,11.0220
2002-03-07,11.5900
2002-03-08,11.6800
2002-03-11,11.4760
2002-03-12,11.4600
2002-03-13,11.6350
2002-03-14,11.6912
2002-03-15,11.9060
2002-03-18,11.9500
2002-03-19,11.6600
2002-03-20,11.6750
2002-03-21,11.5000
2002-03-22,11.4700
2002-03-25,11.5500
2002-03-26,11.4900
2002-03-27,11.4800
2002-03-28,11.3350
2002-03-29,11.3800
2002-04-01,11.3600
2002-04-02,11.2100
2002-04-03,11.1400
2002-04-04,11.2400
2002-04-05,11.1400
2002-04-08,11.1630
2002-04-09,11.2660
2002-04-10,11.2330
2002-04-11,11.2410
2002-04-12,11.2400
2002-04-15,11.1800
2002-04-16,11.2350
2002-04-17,11.1530
2002-04-18,11.0980
2002-04-19,11.1400
2002-04-22,10.9910
2002-04-23,10.9700
2002-04-24,10.9500
2002-04-25,10.9100
2002-04-26,10.7350
2002-04-29,10.5950
2002-04-30,10.6400
2002-05-01,10.5875
2002-05-02,10.5600
2002-05-03,10.4250
2002-05-06,10.4300
2002-05-07,10.2200
2002-05-08,10.2900
2002-05-09,10.3500
2002-05-10,10.2230
2002-05-13,10.1500
2002-05-14,10.1279
2002-05-15,10.2600
2002-05-16,10.1750
2002-05-17,10.0600
2002-05-20,10.0500
2002-05-21,10.1100
2002-05-22,10.1250
2002-05-23,10.1450
2002-05-24,10.0360
2002-05-27,10.0360
2002-05-28,9.9150
2002-05-29,9.8200
2002-05-30,9.7130
2002-05-31,9.7800
2002-06-03,9.8400
2002-06-04,9.7000
2002-06-05,9.9550
2002-06-06,9.8010
2002-06-07,9.8840
2002-06-10,9.9800
2002-06-11,10.0810
2002-06-12,10.1200
2002-06-13,10.2800
2002-06-14,10.4800
2002-06-17,10.6150
2002-06-18,10.3000
2002-06-19,10.2660
2002-06-20,10.3960
2002-06-21,10.2500
2002-06-24,10.3350
2002-06-25,10.3480
2002-06-26,10.3000
2002-06-27,10.3600
2002-06-28,10.3900
2002-07-01,10.0700
2002-07-02,10.1138
2002-07-03,10.1850
2002-07-04,10.1850
2002-07-05,10.0900
2002-07-08,10.1500
2002-07-09,9.9962
2002-07-10,10.0200
2002-07-11,10.1100
2002-07-12,9.9700
2002-07-15,10.0400
2002-07-16,10.1275
2002-07-17,10.1475
2002-07-18,9.9600
2002-07-19,9.9500
2002-07-22,9.9950
2002-07-23,10.0860
2002-07-24,10.3500
2002-07-25,10.2000
2002-07-26,10.2800
2002-07-29,10.0900
2002-07-30,10.1500
2002-07-31,10.1900
2002-08-01,10.2700
2002-08-02,10.2400
2002-08-05,10.5230
2002-08-06,10.6400
2002-08-07,10.4350
2002-08-08,10.4320
2002-08-09,10.4700
2002-08-12,10.4475
2002-08-13,10.6120
2002-08-14,10.4950
2002-08-15,10.6400
2002-08-16,10.5987
2002-08-19,10.6200
2002-08-20,10.7500
2002-08-21,10.8800
2002-08-22,10.9000
2002-08-23,10.8560
2002-08-26,10.7900
2002-08-27,10.5540
2002-08-28,10.5650
2002-08-29,10.6530
2002-08-30,10.5610
2002-09-02,10.5610
2002-09-03,10.7425
2002-09-04,10.6800
2002-09-05,10.5800
2002-09-06,10.4950
2002-09-09,10.5150
2002-09-10,10.6480
2002-09-11,10.5900
2002-09-12,10.4800
2002-09-13,10.5400
2002-09-16,10.7300
2002-09-17,10.5800
2002-09-18,10.6000
2002-09-19,10.5487
2002-09-20,10.5900
2002-09-23,10.6800
2002-09-24,10.6900
2002-09-25,10.5900
2002-09-26,10.5700
2002-09-27,10.5500
2002-09-30,10.5350
2002-10-01,10.4200
2002-10-02,10.4275
2002-10-03,10.3950
2002-10-04,10.4330
2002-10-07,10.5240
2002-10-08,10.5300
2002-10-09,10.4800
2002-10-10,10.4300
2002-10-11,10.4475
2002-10-14,10.4475
2002-10-15,10.4450
2002-10-16,10.4120
2002-10-17,10.3000
2002-10-18,10.3800
2002-10-21,10.2200
2002-10-22,10.1800
2002-10-23,10.2170
2002-10-24,10.1300
2002-10-25,10.1200
2002-10-28,10.0575
2002-10-29,10.0800
2002-10-30,10.1000
2002-10-31,10.0000
2002-11-01,9.9810
2002-11-04,9.9200
2002-11-05,9.9300
2002-11-06,9.9100
2002-11-07,9.7900
2002-11-08,9.7900
2002-11-11,9.7900
2002-11-12,9.8200
2002-11-13,9.8270
2002-11-14,9.7100
2002-11-15,9.6500
2002-11-18,9.5890
2002-11-19,9.5900
2002-11-20,9.6800
2002-11-21,9.6300
2002-11-22,9.4750
2002-11-25,9.2750
2002-11-26,9.2500
2002-11-27,9.2700
2002-11-28,9.2700
2002-11-29,9.2800
2002-12-02,9.2425
2002-12-03,9.2700
2002-12-04,9.1525
2002-12-05,9.1250
2002-12-06,9.2000
2002-12-09,9.1200
2002-12-10,8.9800
2002-12-11,8.8700
2002-12-12,8.9150
2002-12-13,8.7375
2002-12-16,8.7400
2002-12-17,9.1100
2002-12-18,8.9500
2002-12-19,9.0000
2002-12-20,8.9250
2002-12-23,8.8400
2002-12-24,8.8800
2002-12-25,8.8800
2002-12-26,8.8600
2002-12-27,8.7325
2002-12-30,8.6700
2002-12-31,8.5850
2003-01-01,8.5850
2003-01-02,8.5400
2003-01-03,8.4400
2003-01-06,8.5200
2003-01-07,8.6224
2003-01-08,8.6200
2003-01-09,8.5700
2003-01-10,8.5300
2003-01-13,8.6650
2003-01-14,8.8400
2003-01-15,8.7537
2003-01-16,8.8700
2003-01-17,8.8800
2003-01-20,8.8800
2003-01-21,9.0450
2003-01-22,8.9800
2003-01-23,8.7350
2003-01-24,8.7400
2003-01-27,8.7500
2003-01-28,8.7650
2003-01-29,8.5810
2003-01-30,8.6450
2003-01-31,8.5000
2003-02-03,8.5521
2003-02-04,8.3400
2003-02-05,8.3900
2003-02-06,8.3500
2003-02-07,8.4250
2003-02-10,8.5701
2003-02-11,8.3850
2003-02-12,8.3650
2003-02-13,8.3580
2003-02-14,8.3150
2003-02-17,8.3150
2003-02-18,8.4150
2003-02-19,8.3200
2003-02-20,8.1200
2003-02-21,8.0850
2003-02-24,8.1438
2003-02-25,8.1000
2003-02-26,8.0800
2003-02-27,8.0200
2003-02-28,8.0955
2003-03-03,8.0050
2003-03-04,8.0200
2003-03-05,7.9020
2003-03-06,8.0400
2003-03-07,7.9450
2003-03-10,7.9025
2003-03-11,7.9375
2003-03-12,8.0100
2003-03-13,8.1550
2003-03-14,8.2288
2003-03-17,8.2575
2003-03-18,8.2100
2003-03-19,8.1700
2003-03-20,8.1300
2003-03-21,8.1950
2003-03-24,8.1450
2003-03-25,8.0250
2003-03-26,7.9450
2003-03-27,7.9550
2003-03-28,7.9850
2003-03-31,7.9000
2003-04-01,7.8800
2003-04-02,7.9700
2003-04-03,7.8900
2003-04-04,7.9400
2003-04-07,8.0450
2003-04-08,8.0225
2003-04-09,7.9237
2003-04-10,7.7825
2003-04-11,7.7900
2003-04-14,7.8225
2003-04-15,7.7000
2003-04-16,7.7050
2003-04-17,7.6175
2003-04-18,7.6625
2003-04-21,7.6550
2003-04-22,7.5575
2003-04-23,7.4500
2003-04-24,7.2900
2003-04-25,7.2375
2003-04-28,7.1900
2003-04-29,7.1750
2003-04-30,7.2875
2003-05-01,7.2730
2003-05-02,7.5050
2003-05-05,7.2900
2003-05-06,7.2900
2003-05-07,7.3275
2003-05-08,7.2300
2003-05-09,7.2700
2003-05-12,7.3150
2003-05-13,7.3500
2003-05-14,7.5800
2003-05-15,8.0300
2003-05-16,7.7650
2003-05-19,7.9375
2003-05-20,7.7600
2003-05-21,7.7400
2003-05-22,7.8300
2003-05-23,7.8800
2003-05-26,7.8800
2003-05-27,8.1200
2003-05-28,8.2350
2003-05-29,8.1050
2003-05-30,8.0350
2003-06-02,8.0200
2003-06-03,8.0410
2003-06-04,8.1650
2003-06-05,7.9150
2003-06-06,8.0400
2003-06-09,7.9450
2003-06-10,7.9800
2003-06-11,7.9250
2003-06-12,7.8100
2003-06-13,7.8500
2003-06-16,7.7800
2003-06-17,7.8425
2003-06-18,7.9400
2003-06-19,7.9000
2003-06-20,7.8550
2003-06-23,7.9600
2003-06-24,7.7930
2003-06-25,7.6737
2003-06-26,7.5950
2003-06-27,7.4950
2003-06-30,7.5100
2003-07-01,7.4425
2003-07-02,7.4140
2003-07-03,7.5300
2003-07-04,7.5300
2003-07-07,7.5100
2003-07-08,7.6700
2003-07-09,7.6300
2003-07-10,7.5350
2003-07-11,7.6125
2003-07-14,7.5800
2003-07-15,7.6600
2003-07-16,7.8000
2003-07-17,7.7350
2003-07-18,7.7050
2003-07-21,7.6500
2003-07-22,7.5900
2003-07-23,7.4950
2003-07-24,7.5200
2003-07-25,7.4250
2003-07-28,7.3576
2003-07-29,7.3725
2003-07-30,7.3933
2003-07-31,7.3801
2003-08-01,7.4500
2003-08-04,7.4876
2003-08-05,7.4400
2003-08-06,7.3800
2003-08-07,7.2480
2003-08-08,7.4100
2003-08-11,7.3650
2003-08-12,7.4150
2003-08-13,7.4150
2003-08-14,7.3500
2003-08-15,7.3350
2003-08-18,7.2875
2003-08-19,7.3595
2003-08-20,7.3750
2003-08-21,7.4900
2003-08-22,7.4850
2003-08-25,7.5116
2003-08-26,7.3500
2003-08-27,7.3700
2003-08-28,7.3700
2003-08-29,7.3900
2003-09-01,7.3900
2003-09-02,7.2910
2003-09-03,7.2600
2003-09-04,7.3200
2003-09-05,7.4450
2003-09-08,7.5499
2003-09-09,7.4525
2003-09-10,7.4050
2003-09-11,7.3900
2003-09-12,7.3650
2003-09-15,7.4100
2003-09-16,7.5287
2003-09-17,7.3975
2003-09-18,7.3400
2003-09-19,7.3600
2003-09-22,7.2375
2003-09-23,7.1606
2003-09-24,7.1363
2003-09-25,7.0900
2003-09-26,7.1885
2003-09-29,7.1400
2003-09-30,6.9575
2003-10-01,6.9150
2003-10-02,6.8475
2003-10-03,6.9150
2003-10-06,6.9500
2003-10-07,6.8640
2003-10-08,6.8800
2003-10-09,6.9650
2003-10-10,6.9775
2003-10-13,6.9775
2003-10-14,6.9600
2003-10-15,7.0100
2003-10-16,7.0100
2003-10-17,7.2050
2003-10-20,7.1875
2003-10-21,7.1300
2003-10-22,6.9900
2003-10-23,6.9900
2003-10-24,6.9050
2003-10-27,6.8800
2003-10-28,6.9500
2003-10-29,6.9200
2003-10-30,6.8700
2003-10-31,6.8950
2003-11-03,6.9090
2003-11-04,6.9175
2003-11-05,6.9272
2003-11-06,6.9900
2003-11-07,6.9700
2003-11-10,6.9450
2003-11-11,6.9450
2003-11-12,6.8600
2003-11-13,6.7200
2003-11-14,6.7040
2003-11-17,6.7346
2003-11-18,6.6275
2003-11-19,6.6150
2003-11-20,6.5700
2003-11-21,6.5250
2003-11-24,6.5651
2003-11-25,6.5600
2003-11-26,6.4600
2003-11-27,6.4600
2003-11-28,6.3690
2003-12-01,6.3895
2003-12-02,6.3463
2003-12-03,6.2650
2003-12-04,6.2601
2003-12-05,6.3100
2003-12-08,6.4750
2003-12-09,6.4075
2003-12-10,6.5150
2003-12-11,6.4026
2003-12-12,6.3600
2003-12-15,6.3200
2003-12-16,6.3750
2003-12-17,6.5300
2003-12-18,6.6700
2003-12-19,6.9250
2003-12-22,6.9350
2003-12-23,6.9040
2003-12-24,6.6950
2003-12-25,6.6950
2003-12-26,6.7200
2003-12-29,6.7310
2003-12-30,6.5875
2003-12-31,6.7000
2004-01-01,6.7000
2004-01-02,6.5650
2004-01-05,6.3600
2004-01-06,6.5025
2004-01-07,6.5875
2004-01-08,6.6300
2004-01-09,6.7608
2004-01-12,6.9310
2004-01-13,6.9200
2004-01-14,7.1000
2004-01-15,7.2900
2004-01-16,7.3050
2004-01-19,7.3050
2004-01-20,7.1150
2004-01-21,7.1401
2004-01-22,7.0950
2004-01-23,7.1580
2004-01-26,7.1926
2004-01-27,7.0800
2004-01-28,6.9200
2004-01-29,7.0735
2004-01-30,7.0700
2004-02-02,7.0500
2004-02-03,6.8950
2004-02-04,6.8900
2004-02-05,6.9800
2004-02-06,6.9950
2004-02-09,6.9800
2004-02-10,6.8650
2004-02-11,6.8310
2004-02-12,6.6550
2004-02-13,6.6120
2004-02-16,6.6120
2004-02-17,6.5650
2004-02-18,6.5825
2004-02-19,6.6500
2004-02-20,6.7050
2004-02-23,6.6300
2004-02-24,6.5700
2004-02-25,6.6400
2004-02-26,6.6100
2004-02-27,6.6250
2004-03-01,6.6095
2004-03-02,6.7150
2004-03-03,6.9200
2004-03-04,6.8130
2004-03-05,6.5725
2004-03-08,6.6004
2004-03-09,6.5650
2004-03-10,6.6610
2004-03-11,6.6845
2004-03-12,6.7350
2004-03-15,6.6925
2004-03-16,6.7120
2004-03-17,6.7600
2004-03-18,6.6600
2004-03-19,6.6600
2004-03-22,6.4730
2004-03-23,6.5500
2004-03-24,6.5800
2004-03-25,6.5400
2004-03-26,6.5600
2004-03-29,6.4000
2004-03-30,6.3350
2004-03-31,6.3235
2004-04-01,6.3450
2004-04-02,6.4120
2004-04-05,6.4150
2004-04-06,6.3400
2004-04-07,6.3150
2004-04-08,6.3400
2004-04-09,6.2650
2004-04-12,6.2950
2004-04-13,6.5650
2004-04-14,6.6423
2004-04-15,6.6600
2004-04-16,6.4450
2004-04-19,6.5225
2004-04-20,6.5075
2004-04-21,6.7525
2004-04-22,6.8625
2004-04-23,6.7475
2004-04-26,6.7650
2004-04-27,6.6825
2004-04-28,6.9251
2004-04-29,6.9000
2004-04-30,6.9400
2004-05-03,6.9900
2004-05-04,6.9040
2004-05-05,6.8250
2004-05-06,6.9050
2004-05-07,7.0530
2004-05-10,7.0500
2004-05-11,6.9230
2004-05-12,6.8500
2004-05-13,6.9500
2004-05-14,6.7925
2004-05-17,6.7862
2004-05-18,6.7600
2004-05-19,6.7375
2004-05-20,6.7500
2004-05-21,6.7500
2004-05-24,6.6550
2004-05-25,6.6000
2004-05-26,6.6150
2004-05-27,6.5800
2004-05-28,6.5150
2004-05-31,6.5150
2004-06-01,6.4400
2004-06-02,6.5356
2004-06-03,6.4600
2004-06-04,6.4600
2004-06-07,6.4850
2004-06-08,6.5800
2004-06-09,6.6400
2004-06-10,6.5000
2004-06-11,6.5301
2004-06-14,6.6230
2004-06-15,6.4650
2004-06-16,6.5400
2004-06-17,6.5200
2004-06-18,6.3985
2004-06-21,6.3125
2004-06-22,6.2950
2004-06-23,6.2525
2004-06-24,6.2987
2004-06-25,6.3000
2004-06-28,6.1650
2004-06-29,6.2475
2004-06-30,6.2275
2004-07-01,6.2450
2004-07-02,6.1125
2004-07-05,6.1125
2004-07-06,6.2550
2004-07-07,6.1063
2004-07-08,6.0626
2004-07-09,6.1150
2004-07-12,6.0400
2004-07-13,6.1150
2004-07-14,6.0600
2004-07-15,6.0950
2004-07-16,5.9631
2004-07-19,5.9050
2004-07-20,5.9700
2004-07-21,6.0950
2004-07-22,6.0700
2004-07-23,6.2250
2004-07-26,6.2475
2004-07-27,6.3410
2004-07-28,6.2700
2004-07-29,6.2700
2004-07-30,6.2725
2004-08-02,6.3255
2004-08-03,6.2750
2004-08-04,6.2750
2004-08-05,6.2575
2004-08-06,6.1250
2004-08-09,6.0900
2004-08-10,6.1575
2004-08-11,6.2210
2004-08-12,6.4545
2004-08-13,6.4800
2004-08-16,6.6000
2004-08-17,6.4820
2004-08-18,6.4999
2004-08-19,6.6050
2004-08-20,6.5863
2004-08-23,6.6800
2004-08-24,6.7250
2004-08-25,6.6901
2004-08-26,6.6250
2004-08-27,6.7400
2004-08-30,6.7276
2004-08-31,6.6450
2004-09-01,6.6200
2004-09-02,6.5700
2004-09-03,6.6576
2004-09-06,6.6576
2004-09-07,6.6400
2004-09-08,6.6435
2004-09-09,6.6800
2004-09-10,6.5800
2004-09-13,6.5570
2004-09-14,6.5037
2004-09-15,6.5800
2004-09-16,6.5835
2004-09-17,6.5600
2004-09-20,6.4850
2004-09-21,6.4475
2004-09-22,6.5250
2004-09-23,6.4400
2004-09-24,6.4278
2004-09-27,6.4020
2004-09-28,6.4080
2004-09-29,6.4450
2004-09-30,6.4780
2004-10-01,6.4775
2004-10-04,6.4800
2004-10-05,6.5337
2004-10-06,6.5200
2004-10-07,6.6340
2004-10-08,6.5520
2004-10-11,6.5520
2004-10-12,6.6000
2004-10-13,6.6195
2004-10-14,6.5450
2004-10-15,6.4475
2004-10-18,6.3525
2004-10-19,6.3000
2004-10-20,6.2950
2004-10-21,6.2350
2004-10-22,6.1900
2004-10-25,6.2200
2004-10-26,6.2595
2004-10-27,6.1575
2004-10-28,6.0750
2004-10-29,6.1355
2004-11-01,6.1100
2004-11-02,6.1800
2004-11-03,6.0845
2004-11-04,6.0735
2004-11-05,6.1107
2004-11-08,6.1705
2004-11-09,6.1575
2004-11-10,6.1925
2004-11-11,6.1925
2004-11-12,6.1150
2004-11-15,6.0665
2004-11-16,6.0362
2004-11-17,5.9626
2004-11-18,6.0284
2004-11-19,5.9975
2004-11-22,6.0060
2004-11-23,5.9750
2004-11-24,5.9275
2004-11-25,5.9275
2004-11-26,5.8300
2004-11-29,5.7750
2004-11-30,5.8110
2004-12-01,5.7750
2004-12-02,5.8375
2004-12-03,5.7750
2004-12-06,5.7260
2004-12-07,5.7510
2004-12-08,5.8750
2004-12-09,5.8200
2004-12-10,5.8075
2004-12-13,5.7350
2004-12-14,5.7350
2004-12-15,5.7350
2004-12-16,5.7725
2004-12-17,5.7800
2004-12-20,5.7200
2004-12-21,5.6745
2004-12-22,5.6525
2004-12-23,5.6400
2004-12-24,5.6150
2004-12-27,5.6150
2004-12-28,5.6250
2004-12-29,5.7000
2004-12-30,5.6288
2004-12-31,5.6450
2005-01-03,5.6425
2005-01-04,5.8600
2005-01-05,5.8950
2005-01-06,6.1030
2005-01-07,6.0965
2005-01-10,5.9760
2005-01-11,5.9550
2005-01-12,5.9350
2005-01-13,6.0057
2005-01-14,6.0225
2005-01-17,6.0225
2005-01-18,6.0375
2005-01-19,6.0188
2005-01-20,6.0550
2005-01-21,5.9600
2005-01-24,5.9465
2005-01-25,5.9700
2005-01-26,5.9200
2005-01-27,5.9093
2005-01-28,5.9350
2005-01-31,5.9300
2005-02-01,6.0015
2005-02-02,6.0078
2005-02-03,6.1257
2005-02-04,6.1325
2005-02-07,6.1975
2005-02-08,6.2324
2005-02-09,6.2225
2005-02-10,6.1196
2005-02-11,6.0638
2005-02-14,6.0405
2005-02-15,5.9900
2005-02-16,6.0031
2005-02-17,5.9270
2005-02-18,5.9370
2005-02-21,5.9370
2005-02-22,5.7625
2005-02-23,5.8025
2005-02-24,5.8225
2005-02-25,5.8262
2005-02-28,5.7875
2005-03-01,5.8500
2005-03-02,5.9000
2005-03-03,5.9388
2005-03-04,5.8525
2005-03-07,5.8600
2005-03-08,5.7669
2005-03-09,5.7787
2005-03-10,5.8501
2005-03-11,5.7938
2005-03-14,5.9825
2005-03-15,6.0825
2005-03-16,6.0564
2005-03-17,6.0725
2005-03-18,6.0250
2005-03-21,6.0850
2005-03-22,6.0650
2005-03-23,6.1900
2005-03-24,6.2150
2005-03-25,6.2100
2005-03-28,6.3300
2005-03-29,6.3475
2005-03-30,6.2875
2005-03-31,6.2155
2005-04-01,6.2150
2005-04-04,6.2400
2005-04-05,6.2075
2005-04-06,6.1170
2005-04-07,6.1225
2005-04-08,6.1450
2005-04-11,6.1390
2005-04-12,6.1800
2005-04-13,6.1063
2005-04-14,6.2675
2005-04-15,6.2825
2005-04-18,6.2450
2005-04-19,6.1937
2005-04-20,6.1075
2005-04-21,6.0675
2005-04-22,6.0340
2005-04-25,6.0600
2005-04-26,6.0850
2005-04-27,6.0725
2005-04-28,6.1270
2005-04-29,6.0700
2005-05-02,6.0970
2005-05-03,6.1020
2005-05-04,6.0000
2005-05-05,5.9600
2005-05-06,6.0425
2005-05-09,6.1200
2005-05-10,6.1600
2005-05-11,6.1740
2005-05-12,6.2700
2005-05-13,6.3060
2005-05-16,6.3500
2005-05-17,6.4365
2005-05-18,6.3970
2005-05-19,6.3895
2005-05-20,6.5415
2005-05-23,6.5325
2005-05-24,6.5575
2005-05-25,6.5100
2005-05-26,6.6050
2005-05-27,6.5650
2005-05-30,6.5650
2005-05-31,6.7450
2005-06-01,6.9150
2005-06-02,6.8075
2005-06-03,6.8600
2005-06-06,6.7550
2005-06-07,6.6531
2005-06-08,6.6950
2005-06-09,6.7580
2005-06-10,6.7510
2005-06-13,6.8625
2005-06-14,6.8650
2005-06-15,6.7713
2005-06-16,6.7325
2005-06-17,6.6410
2005-06-20,6.7075
2005-06-21,6.7150
2005-06-22,6.7125
2005-06-23,6.7500
2005-06-24,6.7000
2005-06-27,6.6295
2005-06-28,6.6475
2005-06-29,6.6750
2005-06-30,6.6670
2005-07-01,6.8200
2005-07-04,6.8200
2005-07-05,6.8785
2005-07-06,6.8450
2005-07-07,6.8680
2005-07-08,6.9025
2005-07-11,6.7350
2005-07-12,6.5345
2005-07-13,6.6700
2005-07-14,6.6200
2005-07-15,6.6450
2005-07-18,6.6650
2005-07-19,6.7150
2005-07-20,6.6755
2005-07-21,6.5830
2005-07-22,6.6350
2005-07-25,6.6415
2005-07-26,6.6910
2005-07-27,6.6385
2005-07-28,6.6085
2005-07-29,6.5600
2005-08-01,6.5225
2005-08-02,6.5250
2005-08-03,6.4410
2005-08-04,6.4488
2005-08-05,6.4550
2005-08-08,6.4500
2005-08-09,6.4725
2005-08-10,6.4020
2005-08-11,6.3435
2005-08-12,6.3500
2005-08-15,6.4250
2005-08-16,6.4270
2005-08-17,6.4625
2005-08-18,6.5300
2005-08-19,6.5525
2005-08-22,6.4800
2005-08-23,6.5000
2005-08-24,6.4860
2005-08-25,6.4625
2005-08-26,6.4550
2005-08-29,6.4575
2005-08-30,6.5285
2005-08-31,6.4000
2005-09-01,6.3125
2005-09-02,6.2550
2005-09-05,6.2550
2005-09-06,6.3250
2005-09-07,6.3450
2005-09-08,6.3275
2005-09-09,6.2950
2005-09-12,6.3910
2005-09-13,6.3850
2005-09-14,6.3575
2005-09-15,6.4000
2005-09-16,6.3865
2005-09-19,6.4200
2005-09-20,6.3825
2005-09-21,6.3800
2005-09-22,6.3400
2005-09-23,6.3850
2005-09-26,6.3870
2005-09-27,6.4470
2005-09-28,6.4300
2005-09-29,6.3875
2005-09-30,6.3500
2005-10-03,6.4400
2005-10-04,6.4570
2005-10-05,6.5335
2005-10-06,6.5265
2005-10-07,6.5555
2005-10-10,6.5555
2005-10-11,6.5300
2005-10-12,6.5615
2005-10-13,6.6350
2005-10-14,6.5530
2005-10-17,6.5380
2005-10-18,6.5700
2005-10-19,6.5855
2005-10-20,6.6050
2005-10-21,6.6450
2005-10-24,6.6140
2005-10-25,6.6035
2005-10-26,6.6800
2005-10-27,6.6950
2005-10-28,6.7200
2005-10-31,6.7077
2005-11-01,6.6860
2005-11-02,6.6425
2005-11-03,6.6220
2005-11-04,6.6975
2005-11-07,6.7250
2005-11-08,6.7310
2005-11-09,6.7450
2005-11-10,6.7450
2005-11-11,6.7450
2005-11-14,6.7600
2005-11-15,6.7875
2005-11-16,6.7588
2005-11-17,6.7350
2005-11-18,6.6950
2005-11-21,6.6505
2005-11-22,6.6205
2005-11-23,6.5450
2005-11-24,6.5450
2005-11-25,6.4950
2005-11-28,6.5055
2005-11-29,6.4990
2005-11-30,6.4625
2005-12-01,6.4560
2005-12-02,6.3510
2005-12-05,6.3020
2005-12-06,6.2800
2005-12-07,6.3175
2005-12-08,6.3360
2005-12-09,6.3650
2005-12-12,6.3225
2005-12-13,6.2925
2005-12-14,6.3135
2005-12-15,6.4300
2005-12-16,6.4005
2005-12-19,6.3500
2005-12-20,6.3600
2005-12-21,6.3780
2005-12-22,6.3700
2005-12-23,6.3380
2005-12-26,6.3380
2005-12-27,6.3450
2005-12-28,6.3500
2005-12-29,6.3205
2005-12-30,6.3300
2006-01-02,6.3300
2006-01-03,6.2329
2006-01-04,6.1625
2006-01-05,6.1480
2006-01-06,6.0870
2006-01-09,6.0750
2006-01-10,6.1140
2006-01-11,6.0575
2006-01-12,6.0500
2006-01-13,6.0050
2006-01-16,6.0050
2006-01-17,6.0320
2006-01-18,6.0550
2006-01-19,5.9889
2006-01-20,5.9950
2006-01-23,5.9950
2006-01-24,6.0320
2006-01-25,6.0325
2006-01-26,6.1112
2006-01-27,6.1250
2006-01-30,6.1395
2006-01-31,6.0820
2006-02-01,6.1120
2006-02-02,6.0850
2006-02-03,6.0975
2006-02-06,6.1115
2006-02-07,6.1525
2006-02-08,6.2200
2006-02-09,6.1420
2006-02-10,6.1400
2006-02-13,6.1590
2006-02-14,6.1410
2006-02-15,6.0725
2006-02-16,6.0639
2006-02-17,6.0248
2006-02-20,6.0248
2006-02-21,6.0425
2006-02-22,6.0850
2006-02-23,6.0880
2006-02-24,6.1150
2006-02-27,6.1760
2006-02-28,6.1629
2006-03-01,6.1785
2006-03-02,6.1360
2006-03-03,6.2035
2006-03-06,6.2323
2006-03-07,6.2775
2006-03-08,6.3250
2006-03-09,6.2600
2006-03-10,6.2455
2006-03-13,6.2580
2006-03-14,6.2225
2006-03-15,6.1875
2006-03-16,6.1810
2006-03-17,6.2075
2006-03-20,6.2711
2006-03-21,6.3350
2006-03-22,6.3276
2006-03-23,6.2975
2006-03-24,6.2700
2006-03-27,6.2835
2006-03-28,6.2615
2006-03-29,6.3100
2006-03-30,6.1815
2006-03-31,6.1500
2006-04-03,6.1095
2006-04-04,6.0250
2006-04-05,6.0280
2006-04-06,6.0610
2006-04-07,6.1420
2006-04-10,6.1500
2006-04-11,6.1180
2006-04-12,6.1125
2006-04-13,6.1475
2006-04-14,6.1125
2006-04-17,6.0700
2006-04-18,6.0215
2006-04-19,6.0000
2006-04-20,6.0675
2006-04-21,5.9850
2006-04-24,6.0600
2006-04-25,6.0775
2006-04-26,6.1660
2006-04-27,6.1500
2006-04-28,6.0185
2006-05-01,5.9985
2006-05-02,6.0375
2006-05-03,6.0470
2006-05-04,6.0410
2006-05-05,6.0457
2006-05-08,6.0575
2006-05-09,6.0420
2006-05-10,6.0440
2006-05-11,6.0425
2006-05-12,6.2375
2006-05-15,6.4015
2006-05-16,6.3750
2006-05-17,6.4100
2006-05-18,6.4700
2006-05-19,6.5300
2006-05-22,6.6060
2006-05-23,6.4935
2006-05-24,6.6370
2006-05-25,6.5515
2006-05-26,6.5350
2006-05-29,6.5350
2006-05-30,6.5730
2006-05-31,6.7058
2006-06-01,6.6665
2006-06-02,6.6735
2006-06-05,6.6340
2006-06-06,6.7950
2006-06-07,6.7100
2006-06-08,6.7948
2006-06-09,6.7235
2006-06-12,6.7675
2006-06-13,6.8425
2006-06-14,6.8300
2006-06-15,6.9012
2006-06-16,6.8862
2006-06-19,6.9835
2006-06-20,7.0785
2006-06-21,7.1485
2006-06-22,7.2955
2006-06-23,7.4300
2006-06-26,7.3380
2006-06-27,7.2850
2006-06-28,7.2100
2006-06-29,7.2650
2006-06-30,7.1650
2006-07-03,7.0300
2006-07-04,7.0300
2006-07-05,7.2225
2006-07-06,7.1600
2006-07-07,7.0926
2006-07-10,7.1045
2006-07-11,7.1205
2006-07-12,7.1175
2006-07-13,7.1950
2006-07-14,7.2200
2006-07-17,7.2300
2006-07-18,7.1950
2006-07-19,7.0800
2006-07-20,6.9645
2006-07-21,7.0060
2006-07-24,7.0200
2006-07-25,7.0255
2006-07-26,6.9725
2006-07-27,6.8300
2006-07-28,6.8700
2006-07-31,6.9200
2006-08-01,6.9700
2006-08-02,6.8850
2006-08-03,6.8480
2006-08-04,6.8100
2006-08-07,6.7840
2006-08-08,6.8225
2006-08-09,6.7230
2006-08-10,6.7960
2006-08-11,6.7705
2006-08-14,6.8425
2006-08-15,6.8530
2006-08-16,6.7455
2006-08-17,6.7708
2006-08-18,6.9860
2006-08-21,7.0375
2006-08-22,7.1200
2006-08-23,7.1230
2006-08-24,7.1505
2006-08-25,7.1915
2006-08-28,7.1975
2006-08-29,7.1500
2006-08-30,7.0800
2006-08-31,7.2000
2006-09-01,7.2155
2006-09-04,7.2155
2006-09-05,7.1630
2006-09-06,7.3020
2006-09-07,7.3550
2006-09-08,7.3850
2006-09-11,7.4325
2006-09-12,7.3200
2006-09-13,7.3300
2006-09-14,7.3925
2006-09-15,7.3825
2006-09-18,7.3170
2006-09-19,7.3530
2006-09-20,7.3950
2006-09-21,7.5750
2006-09-22,7.6050
2006-09-25,7.7000
2006-09-26,7.6485
2006-09-27,7.6325
2006-09-28,7.6675
2006-09-29,7.7585
2006-10-02,7.7201
2006-10-03,7.8725
2006-10-04,7.9350
2006-10-05,7.8200
2006-10-06,7.8050
2006-10-09,7.8050
2006-10-10,7.7525
2006-10-11,7.6910
2006-10-12,7.5685
2006-10-13,7.4935
2006-10-16,7.5225
2006-10-17,7.6150
2006-10-18,7.5925
2006-10-19,7.4975
2006-10-20,7.5320
2006-10-23,7.6775
2006-10-24,7.7225
2006-10-25,7.5880
2006-10-26,7.5100
2006-10-27,7.4269
2006-10-30,7.5015
2006-10-31,7.3850
2006-11-01,7.3630
2006-11-02,7.4135
2006-11-03,7.3900
2006-11-06,7.3733
2006-11-07,7.3000
2006-11-08,7.2925
2006-11-09,7.2100
2006-11-10,7.2222
2006-11-13,7.2565
2006-11-14,7.2450
2006-11-15,7.2600
2006-11-16,7.2050
2006-11-17,7.2850
2006-11-20,7.2300
2006-11-21,7.2545
2006-11-22,7.1460
2006-11-23,7.1460
2006-11-24,7.1600
2006-11-27,7.0970
2006-11-28,7.1625
2006-11-29,7.1400
2006-11-30,7.1500
2006-12-01,7.1450
2006-12-04,7.1550
2006-12-05,7.1180
2006-12-06,7.0825
2006-12-07,7.0300
2006-12-08,7.0500
2006-12-11,7.0510
2006-12-12,6.9910
2006-12-13,6.9800
2006-12-14,6.9750
2006-12-15,6.9950
2006-12-18,7.0240
2006-12-19,7.0175
2006-12-20,6.9420
2006-12-21,7.0100
2006-12-22,7.0000
2006-12-25,7.0000
2006-12-26,7.0430
2006-12-27,7.0430
2006-12-28,7.0000
2006-12-29,7.0375
2007-01-01,7.0375
2007-01-02,6.8820
2007-01-03,6.9300
2007-01-04,7.0730
2007-01-05,7.2330
2007-01-08,7.2510
2007-01-09,7.3235
2007-01-10,7.3200
2007-01-11,7.2600
2007-01-12,7.2275
2007-01-15,7.2275
2007-01-16,7.2500
2007-01-17,7.1670
2007-01-18,7.1450
2007-01-19,7.1355
2007-01-22,7.1200
2007-01-23,7.1200
2007-01-24,7.1340
2007-01-25,7.2375
2007-01-26,7.2800
2007-01-29,7.3310
2007-01-30,7.3145
2007-01-31,7.2515
2007-02-01,7.1930
2007-02-02,7.2225
2007-02-05,7.2100
2007-02-06,7.1960
2007-02-07,7.1675
2007-02-08,7.1706
2007-02-09,7.1575
2007-02-12,7.2800
2007-02-13,7.2710
2007-02-14,7.1960
2007-02-15,7.1950
2007-02-16,7.1735
2007-02-19,7.1735
2007-02-20,7.1090
2007-02-21,7.1190
2007-02-22,7.0740
2007-02-23,7.0700
2007-02-26,7.0701
2007-02-27,7.2120
2007-02-28,7.2480
2007-03-01,7.2875
2007-03-02,7.3680
2007-03-05,7.4625
2007-03-06,7.4100
2007-03-07,7.4247
2007-03-08,7.3675
2007-03-09,7.3202
2007-03-12,7.3520
2007-03-13,7.4200
2007-03-14,7.4805
2007-03-15,7.4110
2007-03-16,7.4750
2007-03-19,7.4265
2007-03-20,7.3965
2007-03-21,7.3470
2007-03-22,7.1860
2007-03-23,7.2205
2007-03-26,7.2280
2007-03-27,7.2415
2007-03-28,7.3500
2007-03-29,7.2907
2007-03-30,7.2900
2007-04-02,7.2800
2007-04-03,7.1750
2007-04-04,7.1710
2007-04-05,7.1310
2007-04-06,7.1250
2007-04-09,7.1125
2007-04-10,7.1525
2007-04-11,7.1330
2007-04-12,7.1860
2007-04-13,7.1950
2007-04-16,7.0970
2007-04-17,7.0595
2007-04-18,7.0680
2007-04-19,7.0600
2007-04-20,7.0230
2007-04-23,7.0725
2007-04-24,7.0355
2007-04-25,6.9820
2007-04-26,7.0125
2007-04-27,7.0530
2007-04-30,7.0310
2007-05-01,7.0390
2007-05-02,7.0410
2007-05-03,6.9700
2007-05-04,6.9280
2007-05-07,6.8780
2007-05-08,6.9265
2007-05-09,6.8976
2007-05-10,6.9850
2007-05-11,6.9715
2007-05-14,6.9400
2007-05-15,6.9100
2007-05-16,6.9725
2007-05-17,7.0315
2007-05-18,7.0305
2007-05-21,7.0320
2007-05-22,7.0445
2007-05-23,7.0431
2007-05-24,7.1481
2007-05-25,7.1010
2007-05-28,7.1010
2007-05-29,7.1330
2007-05-30,7.1800
2007-05-31,7.1220
2007-06-01,7.0810
2007-06-04,7.1215
2007-06-05,7.1255
2007-06-06,7.2085
2007-06-07,7.2005
2007-06-08,7.2685
2007-06-11,7.2230
2007-06-12,7.2225
2007-06-13,7.2503
2007-06-14,7.1970
2007-06-15,7.1175
2007-06-18,7.0860
2007-06-19,7.0790
2007-06-20,7.1010
2007-06-21,7.1550
2007-06-22,7.1250
2007-06-25,7.1455
2007-06-26,7.1708
2007-06-27,7.1800
2007-06-28,7.0790
2007-06-29,7.0440
2007-07-02,6.9661
2007-07-03,6.9680
2007-07-04,6.9680
2007-07-05,7.0200
2007-07-06,6.9925
2007-07-09,6.9630
2007-07-10,6.9865
2007-07-11,7.0300
2007-07-12,6.9705
2007-07-13,6.9790
2007-07-16,6.9600
2007-07-17,6.9664
2007-07-18,6.9680
2007-07-19,6.8693
2007-07-20,6.8830
2007-07-23,6.8075
2007-07-24,6.8330
2007-07-25,6.8980
2007-07-26,7.0250
2007-07-27,7.1120
2007-07-30,7.1475
2007-07-31,7.0880
2007-08-01,7.1225
2007-08-02,7.0950
2007-08-03,7.0805
2007-08-06,7.0720
2007-08-07,7.0700
2007-08-08,7.0225
2007-08-09,7.1370
2007-08-10,7.1725
2007-08-13,7.1550
2007-08-14,7.2670
2007-08-15,7.3725
2007-08-16,7.4985
2007-08-17,7.3850
2007-08-20,7.3950
2007-08-21,7.3700
2007-08-22,7.2425
2007-08-23,7.2775
2007-08-24,7.2300
2007-08-27,7.2200
2007-08-28,7.2700
2007-08-29,7.2070
2007-08-30,7.1290
2007-08-31,7.1620
2007-09-03,7.1620
2007-09-04,7.2060
2007-09-05,7.2500
2007-09-06,7.1876
2007-09-07,7.2385
2007-09-10,7.2375
2007-09-11,7.1825
2007-09-12,7.1405
2007-09-13,7.1280
2007-09-14,7.1600
2007-09-17,7.1975
2007-09-18,7.1825
2007-09-19,7.0750
2007-09-20,7.0300
2007-09-21,6.9810
2007-09-24,6.9650
2007-09-25,6.9875
2007-09-26,6.9330
2007-09-27,6.8900
2007-09-28,6.8808
2007-10-01,6.8650
2007-10-02,6.9091
2007-10-03,6.8906
2007-10-04,6.9120
2007-10-05,6.8226
2007-10-08,6.8226
2007-10-09,6.8600
2007-10-10,6.8540
2007-10-11,6.7250
2007-10-12,6.7551
2007-10-15,6.7855
2007-10-16,6.8800
2007-10-17,6.8050
2007-10-18,6.7955
2007-10-19,6.7975
2007-10-22,6.8400
2007-10-23,6.7185
2007-10-24,6.6610
2007-10-25,6.5811
2007-10-26,6.4880
2007-10-29,6.5529
2007-10-30,6.5650
2007-10-31,6.5350
2007-11-01,6.5680
2007-11-02,6.5725
2007-11-05,6.5805
2007-11-06,6.5115
2007-11-07,6.4451
2007-11-08,6.4850
2007-11-09,6.6350
2007-11-12,6.6350
2007-11-13,6.7225
2007-11-14,6.6100
2007-11-15,6.6900
2007-11-16,6.6605
2007-11-19,6.7533
2007-11-20,6.7055
2007-11-21,6.8150
2007-11-22,6.8150
2007-11-23,6.8150
2007-11-26,6.9300
2007-11-27,7.0000
2007-11-28,6.8825
2007-11-29,6.8050
2007-11-30,6.8000
2007-12-03,6.8165
2007-12-04,6.8000
2007-12-05,6.7435
2007-12-06,6.7460
2007-12-07,6.7025
2007-12-10,6.6680
2007-12-11,6.7005
2007-12-12,6.6950
2007-12-13,6.7700
2007-12-14,6.8700
2007-12-17,6.9265
2007-12-18,6.9250
2007-12-19,6.9200
2007-12-20,7.0470
2007-12-21,7.0200
2007-12-24,6.9400
2007-12-25,6.9400
2007-12-26,6.9700
2007-12-27,6.8200
2007-12-28,6.8125
2007-12-31,6.8595
2008-01-01,6.8595
2008-01-02,6.8125
2008-01-03,6.8600
2008-01-04,6.8670
2008-01-07,6.9255
2008-01-08,6.8730
2008-01-09,6.8635
2008-01-10,6.8610
2008-01-11,6.7530
2008-01-14,6.7400
2008-01-15,6.8125
2008-01-16,6.9150
2008-01-17,7.0385
2008-01-18,7.0752
2008-01-21,7.0752
2008-01-22,7.1150
2008-01-23,7.1110
2008-01-24,7.0000
2008-01-25,7.1550
2008-01-28,7.1950
2008-01-29,7.1850
2008-01-30,7.3100
2008-01-31,7.4525
2008-02-01,7.4100
2008-02-04,7.4440
2008-02-05,7.5910
2008-02-06,7.6250
2008-02-07,7.7150
2008-02-08,7.7950
2008-02-11,7.7910
2008-02-12,7.6950
2008-02-13,7.7185
2008-02-14,7.6725
2008-02-15,7.6600
2008-02-18,7.6600
2008-02-19,7.6650
2008-02-20,7.8950
2008-02-21,7.7510
2008-02-22,7.7400
2008-02-25,7.7070
2008-02-26,7.5585
2008-02-27,7.4250
2008-02-28,7.5575
2008-02-29,7.7400
2008-03-03,7.7755
2008-03-04,7.9145
2008-03-05,7.7600
2008-03-06,7.9200
2008-03-07,7.9855
2008-03-10,8.0225
2008-03-11,7.8825
2008-03-12,7.8300
2008-03-13,7.9350
2008-03-14,7.9037
2008-03-17,8.1575
2008-03-18,8.0350
2008-03-19,7.9990
2008-03-20,8.2125
2008-03-21,8.1550
2008-03-24,8.1000
2008-03-25,8.0350
2008-03-26,8.0271
2008-03-27,7.9639
2008-03-28,8.0750
2008-03-31,8.1440
2008-04-01,8.0251
2008-04-02,7.8011
2008-04-03,7.7400
2008-04-04,7.8000
2008-04-07,7.7675
2008-04-08,7.7805
2008-04-09,7.8400
2008-04-10,7.7850
2008-04-11,7.8050
2008-04-14,7.8735
2008-04-15,7.9525
2008-04-16,7.9005
2008-04-17,7.8375
2008-04-18,7.7565
2008-04-21,7.7525
2008-04-22,7.6300
2008-04-23,7.6733
2008-04-24,7.6800
2008-04-25,7.5950
2008-04-28,7.5350
2008-04-29,7.5876
2008-04-30,7.5685
2008-05-01,7.6350
2008-05-02,7.5500
2008-05-05,7.5725
2008-05-06,7.5600
2008-05-07,7.5100
2008-05-08,7.5750
2008-05-09,7.7260
2008-05-12,7.6110
2008-05-13,7.5830
2008-05-14,7.6000
2008-05-15,7.5975
2008-05-16,7.4700
2008-05-19,7.4920
2008-05-20,7.6433
2008-05-21,7.6435
2008-05-22,7.6735
2008-05-23,7.6610
2008-05-26,7.6610
2008-05-27,7.7601
2008-05-28,7.6985
2008-05-29,7.5820
2008-05-30,7.6150
2008-06-02,7.7126
2008-06-03,7.7005
2008-06-04,7.7630
2008-06-05,7.8830
2008-06-06,7.8450
2008-06-09,7.9231
2008-06-10,7.9600
2008-06-11,8.0175
2008-06-12,8.1200
2008-06-13,8.1200
2008-06-16,8.0980
2008-06-17,8.0125
2008-06-18,8.0181
2008-06-19,7.9630
2008-06-20,7.9905
2008-06-23,8.0600
2008-06-24,7.9925
2008-06-25,7.8950
2008-06-26,7.8860
2008-06-27,7.9075
2008-06-30,7.8035
2008-07-01,7.9151
2008-07-02,7.8410
2008-07-03,7.7100
2008-07-04,7.7100
2008-07-07,7.7200
2008-07-08,7.7520
2008-07-09,7.6800
2008-07-10,7.7227
2008-07-11,7.6925
2008-07-14,7.6465
2008-07-15,7.6401
2008-07-16,7.6080
2008-07-17,7.5350
2008-07-18,7.6030
2008-07-21,7.5570
2008-07-22,7.4920
2008-07-23,7.5325
2008-07-24,7.6420
2008-07-25,7.5725
2008-07-28,7.5000
2008-07-29,7.3960
2008-07-30,7.3830
2008-07-31,7.3105
2008-08-01,7.2615
2008-08-04,7.2350
2008-08-05,7.3800
2008-08-06,7.4325
2008-08-07,7.4870
2008-08-08,7.6945
2008-08-11,7.7450
2008-08-12,7.8200
2008-08-13,7.8975
2008-08-14,7.8405
2008-08-15,7.8801
2008-08-18,7.7181
2008-08-19,7.7950
2008-08-20,7.7550
2008-08-21,7.6600
2008-08-22,7.6575
2008-08-25,7.7250
2008-08-26,7.7995
2008-08-27,7.7730
2008-08-28,7.7100
2008-08-29,7.7004
2008-09-01,7.7004
2008-09-02,7.7725
2008-09-03,7.8830
2008-09-04,7.9425
2008-09-05,7.9900
2008-09-08,7.9215
2008-09-09,7.9350
2008-09-10,8.1600
2008-09-11,8.2800
2008-09-12,8.0300
2008-09-15,8.0750
2008-09-16,8.1450
2008-09-17,8.2190
2008-09-18,8.2325
2008-09-19,7.9250
2008-09-22,7.9750
2008-09-23,8.1350
2008-09-24,8.1430
2008-09-25,8.1588
2008-09-26,8.1322
2008-09-29,8.2120
2008-09-30,8.3152
2008-10-01,8.2690
2008-10-02,8.4797
2008-10-03,8.4150
2008-10-06,8.8405
2008-10-07,8.8600
2008-10-08,9.2275
2008-10-09,9.0025
2008-10-10,9.4300
2008-10-13,9.4300
2008-10-14,8.9850
2008-10-15,9.4950
2008-10-16,10.2780
2008-10-17,10.0775
2008-10-20,10.1650
2008-10-21,10.6675
2008-10-22,11.2700
2008-10-23,11.0200
2008-10-24,11.1075
2008-10-27,10.9625
2008-10-28,10.6500
2008-10-29,10.0000
2008-10-30,10.0880
2008-10-31,9.8700
2008-11-03,9.9250
2008-11-04,9.6305
2008-11-05,9.6784
2008-11-06,9.9550
2008-11-07,10.1500
2008-11-10,10.0680
2008-11-11,10.0680
2008-11-12,10.3802
2008-11-13,10.4800
2008-11-14,10.0000
2008-11-17,10.1250
2008-11-18,10.1700
2008-11-19,10.3600
2008-11-20,10.6400
2008-11-21,10.6225
2008-11-24,10.0675
2008-11-25,9.7500
2008-11-26,9.9000
2008-11-27,9.9000
2008-11-28,10.1000
2008-12-01,10.2750
2008-12-02,10.3780
2008-12-03,10.1500
2008-12-04,10.1930
2008-12-05,10.4745
2008-12-08,10.0300
2008-12-09,10.1200
2008-12-10,10.1400
2008-12-11,9.9225
2008-12-12,10.2150
2008-12-15,10.1105
2008-12-16,10.2530
2008-12-17,9.8400
2008-12-18,9.5205
2008-12-19,9.7335
2008-12-22,9.7500
2008-12-23,9.6384
2008-12-24,9.7350
2008-12-25,9.7350
2008-12-26,9.7100
2008-12-29,9.4600
2008-12-30,9.3500
2008-12-31,9.3000
2009-01-01,9.3000
2009-01-02,9.3100
2009-01-05,9.2900
2009-01-06,9.3425
2009-01-07,9.4575
2009-01-08,9.6470
2009-01-09,9.7850
2009-01-12,10.1000
2009-01-13,10.0050
2009-01-14,10.1500
2009-01-15,10.1260
2009-01-16,10.0450
2009-01-19,10.0450
2009-01-20,10.1690
2009-01-21,10.1680
2009-01-22,10.1155
2009-01-23,10.2700
2009-01-26,10.1210
2009-01-27,9.9750
2009-01-28,9.9025
2009-01-29,9.9720
2009-01-30,10.2000
2009-02-02,10.1750
2009-02-03,10.0956
2009-02-04,9.9800
2009-02-05,9.8605
2009-02-06,9.6526
2009-02-09,9.6100
2009-02-10,9.7500
2009-02-11,9.8775
2009-02-12,10.0751
2009-02-13,9.9345
2009-02-16,9.9345
2009-02-17,10.2500
2009-02-18,10.1850
2009-02-19,10.0675
2009-02-20,10.1700
2009-02-23,10.0400
2009-02-24,9.9900
2009-02-25,9.9410
2009-02-26,9.8800
2009-02-27,10.0350
2009-03-02,10.5000
2009-03-03,10.5250
2009-03-04,10.3600
2009-03-05,10.6425
2009-03-06,10.4100
2009-03-09,10.5900
2009-03-10,10.2880
2009-03-11,10.1450
2009-03-12,9.9600
2009-03-13,9.9975
2009-03-16,9.8600
2009-03-17,9.9825
2009-03-18,9.9300
2009-03-19,9.6475
2009-03-20,9.6000
2009-03-23,9.4620
2009-03-24,9.4501
2009-03-25,9.4325
2009-03-26,9.3701
2009-03-27,9.5600
2009-03-30,9.7485
2009-03-31,9.5170
2009-04-01,9.3705
2009-04-02,9.1000
2009-04-03,9.0410
2009-04-06,9.1100
2009-04-07,9.1621
2009-04-08,9.1015
2009-04-09,9.0750
2009-04-10,9.0340
2009-04-13,9.0200
2009-04-14,9.0475
2009-04-15,9.1522
2009-04-16,8.9350
2009-04-17,8.9615
2009-04-20,9.0820
2009-04-21,8.9580
2009-04-22,8.8706
2009-04-23,8.9930
2009-04-24,8.8150
2009-04-27,8.7450
2009-04-28,8.7180
2009-04-29,8.4850
2009-04-30,8.4400
2009-05-01,8.4350
2009-05-04,8.3400
2009-05-05,8.4045
2009-05-06,8.3970
2009-05-07,8.3725
2009-05-08,8.3600
2009-05-11,8.3900
2009-05-12,8.4670
2009-05-13,8.5050
2009-05-14,8.5650
2009-05-15,8.7331
2009-05-18,8.6130
2009-05-19,8.4375
2009-05-20,8.3350
2009-05-21,8.3600
2009-05-22,8.3050
2009-05-25,8.3050
2009-05-26,8.2775
2009-05-27,8.1175
2009-05-28,8.0400
2009-05-29,8.0275
2009-06-01,7.9425
2009-06-02,8.0285
2009-06-03,8.0800
2009-06-04,8.0160
2009-06-05,8.0300
2009-06-08,8.1855
2009-06-09,8.0950
2009-06-10,8.0651
2009-06-11,7.9750
2009-06-12,8.0225
2009-06-15,8.1050
2009-06-16,8.0125
2009-06-17,8.1350
2009-06-18,8.1145
2009-06-19,8.0700
2009-06-22,8.1975
2009-06-23,8.1725
2009-06-24,8.0250
2009-06-25,8.0020
2009-06-26,7.9040
2009-06-29,7.8230
2009-06-30,7.7300
2009-07-01,7.7356
2009-07-02,7.8275
2009-07-03,7.9000
2009-07-06,7.9975
2009-07-07,8.0200
2009-07-08,8.2056
2009-07-09,8.1150
2009-07-10,8.2300
2009-07-13,8.2575
2009-07-14,8.2444
2009-07-15,8.1267
2009-07-16,8.1125
2009-07-17,8.0675
2009-07-20,7.9005
2009-07-21,7.8205
2009-07-22,7.7035
2009-07-23,7.6505
2009-07-24,7.7501
2009-07-27,7.7405
2009-07-28,7.8195
2009-07-29,7.8950
2009-07-30,7.7930
2009-07-31,7.8125
2009-08-03,7.7210
2009-08-04,7.8500
2009-08-05,7.9488
2009-08-06,8.0700
2009-08-07,8.0095
2009-08-10,8.0725
2009-08-11,8.1525
2009-08-12,8.0700
2009-08-13,8.0567
2009-08-14,8.0621
2009-08-17,8.1456
2009-08-18,8.0723
2009-08-19,7.9875
2009-08-20,7.9050
2009-08-21,7.7872
2009-08-24,7.7805
2009-08-25,7.7696
2009-08-26,7.8795
2009-08-27,7.8685
2009-08-28,7.7665
2009-08-31,7.7780
2009-09-01,7.8700
2009-09-02,7.8440
2009-09-03,7.6815
2009-09-04,7.6152
2009-09-07,7.6152
2009-09-08,7.5425
2009-09-09,7.4900
2009-09-10,7.5725
2009-09-11,7.4475
2009-09-14,7.4599
2009-09-15,7.3900
2009-09-16,7.3165
2009-09-17,7.3800
2009-09-18,7.4315
2009-09-21,7.4750
2009-09-22,7.3830
2009-09-23,7.4500
2009-09-24,7.4709
2009-09-25,7.4011
2009-09-28,7.3855
2009-09-29,7.4075
2009-09-30,7.5390
2009-10-01,7.7040
2009-10-02,7.6500
2009-10-05,7.5686
2009-10-06,7.4090
2009-10-07,7.4540
2009-10-08,7.3400
2009-10-09,7.3867
2009-10-12,7.3867
2009-10-13,7.3375
2009-10-14,7.2575
2009-10-15,7.2725
2009-10-16,7.3500
2009-10-19,7.3250
2009-10-20,7.3900
2009-10-21,7.3500
2009-10-22,7.4235
2009-10-23,7.4550
2009-10-26,7.5560
2009-10-27,7.6500
2009-10-28,7.7850
2009-10-29,7.7440
2009-10-30,7.8210
2009-11-02,7.8512
2009-11-03,7.9160
2009-11-04,7.6460
2009-11-05,7.6000
2009-11-06,7.5360
2009-11-09,7.4020
2009-11-10,7.3990
2009-11-11,7.3990
2009-11-12,7.4330
2009-11-13,7.4401
2009-11-16,7.3580
2009-11-17,7.5155
2009-11-18,7.4226
2009-11-19,7.5210
2009-11-20,7.5780
2009-11-23,7.4750
2009-11-24,7.4650
2009-11-25,7.3370
2009-11-26,7.3370
2009-11-27,7.4100
2009-11-30,7.3770
2009-12-01,7.3055
2009-12-02,7.3050
2009-12-03,7.3330
2009-12-04,7.4325
2009-12-07,7.4500
2009-12-08,7.5280
2009-12-09,7.5725
2009-12-10,7.4979
2009-12-11,7.5610
2009-12-14,7.4235
2009-12-15,7.4680
2009-12-16,7.3950
2009-12-17,7.5745
2009-12-18,7.6000
2009-12-21,7.7350
2009-12-22,7.7300
2009-12-23,7.6050
2009-12-24,7.5055
2009-12-25,7.5055
2009-12-28,7.4835
2009-12-29,7.4130
2009-12-30,7.3850
2009-12-31,7.3613
2010-01-01,7.3613
2010-01-04,7.2955
2010-01-05,7.3060
2010-01-06,7.3060
2010-01-07,7.4400
2010-01-08,7.3565
2010-01-11,7.3425
2010-01-12,7.4250
2010-01-13,7.4222
2010-01-14,7.4060
2010-01-15,7.3880
2010-01-18,7.3880
2010-01-19,7.4000
2010-01-20,7.5551
2010-01-21,7.5700
2010-01-22,7.6100
2010-01-25,7.6100
2010-01-26,7.6265
2010-01-27,7.6005
2010-01-28,7.5594
2010-01-29,7.5800
2010-02-01,7.5250
2010-02-02,7.4661
2010-02-03,7.4963
2010-02-04,7.6835
2010-02-05,7.7701
2010-02-08,7.7375
2010-02-09,7.6800
2010-02-10,7.7400
2010-02-11,7.6425
2010-02-12,7.7025
2010-02-15,7.7025
2010-02-16,7.6700
2010-02-17,7.6000
2010-02-18,7.6225
2010-02-19,7.6493
2010-02-22,7.7150
2010-02-23,7.7461
2010-02-24,7.7550
2010-02-25,7.8500
2010-02-26,7.6400
2010-03-01,7.6210
2010-03-02,7.5980
2010-03-03,7.5050
2010-03-04,7.4800
2010-03-05,7.4202
2010-03-08,7.4031
2010-03-09,7.3850
2010-03-10,7.4090
2010-03-11,7.4366
2010-03-12,7.3848
2010-03-15,7.4200
2010-03-16,7.3675
2010-03-17,7.2378
2010-03-18,7.3050
2010-03-19,7.3396
2010-03-22,7.3380
2010-03-23,7.3290
2010-03-24,7.3455
2010-03-25,7.4445
2010-03-26,7.4445
2010-03-29,7.3980
2010-03-30,7.3900
2010-03-31,7.3300
2010-04-01,7.2600
2010-04-02,7.2400
2010-04-05,7.2375
2010-04-06,7.2650
2010-04-07,7.2705
2010-04-08,7.2675
2010-04-09,7.2530
2010-04-12,7.2623
2010-04-13,7.2744
2010-04-14,7.3001
2010-04-15,7.3406
2010-04-16,7.4043
2010-04-19,7.4875
2010-04-20,7.3925
2010-04-21,7.3938
2010-04-22,7.5073
2010-04-23,7.4460
2010-04-26,7.3390
2010-04-27,7.4400
2010-04-28,7.4850
2010-04-29,7.3600
2010-04-30,7.3515
2010-05-03,7.4230
2010-05-04,7.5480
2010-05-05,7.6265
2010-05-06,7.7680
2010-05-07,7.6353
2010-05-10,7.4777
2010-05-11,7.5350
2010-05-12,7.4935
2010-05-13,7.4740
2010-05-14,7.5524
2010-05-17,7.5941
2010-05-18,7.5901
2010-05-19,7.8570
2010-05-20,7.9799
2010-05-21,7.8535
2010-05-24,7.8250
2010-05-25,7.9300
2010-05-26,7.7149
2010-05-27,7.6000
2010-05-28,7.5517
2010-05-31,7.5517
2010-06-01,7.6718
2010-06-02,7.6365
2010-06-03,7.6780
2010-06-04,7.7753
2010-06-07,7.7955
2010-06-08,7.7427
2010-06-09,7.7603
2010-06-10,7.7000
2010-06-11,7.7100
2010-06-14,7.6520
2010-06-15,7.5742
2010-06-16,7.5710
2010-06-17,7.5815
2010-06-18,7.5376
2010-06-21,7.4820
2010-06-22,7.5200
2010-06-23,7.5275
2010-06-24,7.6402
2010-06-25,7.6262
2010-06-28,7.5419
2010-06-29,7.6347
2010-06-30,7.6252
2010-07-01,7.7501
2010-07-02,7.7165
2010-07-05,7.7165
2010-07-06,7.6210
2010-07-07,7.6302
2010-07-08,7.5521
2010-07-09,7.5800
2010-07-12,7.6241
2010-07-13,7.5302
2010-07-14,7.5151
2010-07-15,7.5616
2010-07-16,7.6052
2010-07-19,7.6602
2010-07-20,7.5830
2010-07-21,7.5303
2010-07-22,7.4424
2010-07-23,7.4321
2010-07-26,7.3370
2010-07-27,7.3200
2010-07-28,7.3310
2010-07-29,7.3319
2010-07-30,7.2915
2010-08-02,7.2762
2010-08-03,7.2821
2010-08-04,7.2642
2010-08-05,7.2497
2010-08-06,7.2425
2010-08-09,7.1804
2010-08-10,7.2130
2010-08-11,7.2766
2010-08-12,7.2770
2010-08-13,7.3100
2010-08-16,7.2650
2010-08-17,7.2540
2010-08-18,7.2539
2010-08-19,7.2870
2010-08-20,7.3325
2010-08-23,7.3406
2010-08-24,7.3492
2010-08-25,7.3494
2010-08-26,7.3120
2010-08-27,7.3070
2010-08-30,7.3355
2010-08-31,7.3725
2010-09-01,7.2905
2010-09-02,7.2279
2010-09-03,7.1825
2010-09-06,7.1825
2010-09-07,7.2565
2010-09-08,7.2403
2010-09-09,7.1900
2010-09-10,7.1875
2010-09-13,7.1334
2010-09-14,7.0422
2010-09-15,7.0830
2010-09-16,7.1626
2010-09-17,7.1301
2010-09-20,7.1180
2010-09-21,7.1208
2010-09-22,7.0236
2010-09-23,7.0280
2010-09-24,7.0045
2010-09-27,7.0042
2010-09-28,6.9754
2010-09-29,6.9572
2010-09-30,6.9509
2010-10-01,6.9320
2010-10-04,7.0210
2010-10-05,6.8857
2010-10-06,6.8450
2010-10-07,6.8900
2010-10-08,6.8415
2010-10-11,6.8415
2010-10-12,6.8710
2010-10-13,6.8100
2010-10-14,6.7900
2010-10-15,6.8125
2010-10-18,6.8660
2010-10-19,6.9370
2010-10-20,6.9192
2010-10-21,6.9160
2010-10-22,6.9526
2010-10-25,6.9200
2010-10-26,6.9271
2010-10-27,7.0720
2010-10-28,6.9900
2010-10-29,6.9755
2010-11-01,7.0050
2010-11-02,6.9150
2010-11-03,6.9090
2010-11-04,6.8110
2010-11-05,6.7930
2010-11-08,6.8500
2010-11-09,6.8354
2010-11-10,6.8960
2010-11-11,6.8960
2010-11-12,6.9070
2010-11-15,6.9525
2010-11-16,7.0500
2010-11-17,7.0204
2010-11-18,7.0028
2010-11-19,7.0165
2010-11-22,6.9952
2010-11-23,7.0976
2010-11-24,7.0680
2010-11-25,7.0680
2010-11-26,7.1210
2010-11-29,7.1671
2010-11-30,7.0855
2010-12-01,7.0100
2010-12-02,6.8865
2010-12-03,6.8537
2010-12-06,6.8870
2010-12-07,6.8800
2010-12-08,6.9321
2010-12-09,6.8855
2010-12-10,6.8401
2010-12-13,6.8420
2010-12-14,6.8251
2010-12-15,6.8260
2010-12-16,6.8380
2010-12-17,6.8625
2010-12-20,6.8425
2010-12-21,6.8100
2010-12-22,6.7900
2010-12-23,6.7401
2010-12-24,6.7401
2010-12-27,6.7370
2010-12-28,6.6900
2010-12-29,6.6490
2010-12-30,6.6700
2010-12-31,6.6700
2011-01-03,6.6110
2011-01-04,6.6922
2011-01-05,6.7185
2011-01-06,6.7850
2011-01-07,6.8050
2011-01-10,6.8336
2011-01-11,6.8730
2011-01-12,6.8305
2011-01-13,6.8040
2011-01-14,6.9391
2011-01-17,6.9391
2011-01-18,6.9150
2011-01-19,6.9701
2011-01-20,7.0776
2011-01-21,7.0500
2011-01-24,7.0165
2011-01-25,7.0750
2011-01-26,7.0951
2011-01-27,7.0387
2011-01-28,7.1710
2011-01-31,7.1776
2011-02-01,7.1433
2011-02-02,7.1715
2011-02-03,7.2880
2011-02-04,7.2570
2011-02-07,7.2485
2011-02-08,7.1639
2011-02-09,7.2288
2011-02-10,7.2565
2011-02-11,7.3075
2011-02-14,7.3085
2011-02-15,7.3050
2011-02-16,7.2435
2011-02-17,7.1860
2011-02-18,7.1200
2011-02-21,7.1200
2011-02-22,7.1400
2011-02-23,7.1265
2011-02-24,7.0680
2011-02-25,6.9876
2011-02-28,6.9538
2011-03-01,6.9396
2011-03-02,6.8885
2011-03-03,6.9010
2011-03-04,6.8901
2011-03-07,6.8780
2011-03-08,6.8833
2011-03-09,6.8675
2011-03-10,6.8875
2011-03-11,6.8790
2011-03-14,6.8510
2011-03-15,6.9682
2011-03-16,7.0070
2011-03-17,7.0705
2011-03-18,6.9880
2011-03-21,6.9351
2011-03-22,6.8882
2011-03-23,6.9190
2011-03-24,6.8536
2011-03-25,6.8422
2011-03-28,6.8652
2011-03-29,6.8651
2011-03-30,6.8105
2011-03-31,6.7675
2011-04-01,6.7020
2011-04-04,6.6901
2011-04-05,6.7183
2011-04-06,6.6875
2011-04-07,6.6901
2011-04-08,6.6455
2011-04-11,6.6474
2011-04-12,6.7292
2011-04-13,6.7751
2011-04-14,6.8560
2011-04-15,6.8265
2011-04-18,6.8700
2011-04-19,6.8335
2011-04-20,6.7729
2011-04-21,6.7135
2011-04-22,6.7025
2011-04-25,6.7300
2011-04-26,6.6920
2011-04-27,6.6503
2011-04-28,6.6250
2011-04-29,6.5810
2011-05-02,6.5730
2011-05-03,6.6234
2011-05-04,6.6525
2011-05-05,6.7450
2011-05-06,6.6501
2011-05-09,6.7510
2011-05-10,6.7809
2011-05-11,6.8400
2011-05-12,6.8910
2011-05-13,7.0201
2011-05-16,6.9781
2011-05-17,6.9947
2011-05-18,6.9170
2011-05-19,6.8888
2011-05-20,6.9044
2011-05-23,7.0215
2011-05-24,6.9967
2011-05-25,7.0276
2011-05-26,6.9875
2011-05-27,6.9050
2011-05-30,6.9050
2011-05-31,6.8185
2011-06-01,6.7763
2011-06-02,6.7661
2011-06-03,6.7120
2011-06-06,6.7590
2011-06-07,6.7210
2011-06-08,6.7291
2011-06-09,6.7260
2011-06-10,6.7941
2011-06-13,6.7925
2011-06-14,6.7550
2011-06-15,6.8219
2011-06-16,6.8724
2011-06-17,6.7606
2011-06-20,6.7771
2011-06-21,6.7275
2011-06-22,6.7602
2011-06-23,6.8612
2011-06-24,6.8899
2011-06-27,6.8750
2011-06-28,6.8341
2011-06-29,6.8215
2011-06-30,6.7563
2011-07-01,6.7225
2011-07-04,6.7225
2011-07-05,6.7301
2011-07-06,6.7402
2011-07-07,6.6771
2011-07-08,6.7045
2011-07-11,6.8278
2011-07-12,6.8749
2011-07-13,6.8224
2011-07-14,6.8430
2011-07-15,6.8926
2011-07-18,6.9958
2011-07-19,6.9536
2011-07-20,6.8897
2011-07-21,6.7951
2011-07-22,6.7782
2011-07-25,6.7564
2011-07-26,6.6719
2011-07-27,6.6700
2011-07-28,6.6910
2011-07-29,6.7061
2011-08-01,6.7470
2011-08-02,6.7450
2011-08-03,6.7365
2011-08-04,6.9213
2011-08-05,6.9446
2011-08-08,7.0875
2011-08-09,7.3012
2011-08-10,7.2575
2011-08-11,7.2286
2011-08-12,7.1815
2011-08-15,7.1182
2011-08-16,7.1072
2011-08-17,7.0868
2011-08-18,7.2230
2011-08-19,7.1728
2011-08-22,7.2250
2011-08-23,7.1985
2011-08-24,7.2460
2011-08-25,7.2159
2011-08-26,7.1301
2011-08-29,7.0426
2011-08-30,7.0851
2011-08-31,7.0010
2011-09-01,6.9965
2011-09-02,7.0552
2011-09-05,7.0552
2011-09-06,7.1631
2011-09-07,7.1465
2011-09-08,7.1618
2011-09-09,7.2850
2011-09-12,7.4039
2011-09-13,7.3336
2011-09-14,7.3625
2011-09-15,7.3867
2011-09-16,7.4350
2011-09-19,7.7170
2011-09-20,7.6738
2011-09-21,7.8600
2011-09-22,8.2751
2011-09-23,8.2600
2011-09-26,8.0752
2011-09-27,7.8087
2011-09-28,7.7979
2011-09-29,7.8970
2011-09-30,8.0197
2011-10-03,8.1930
2011-10-04,8.2890
2011-10-05,8.0230
2011-10-06,7.9687
2011-10-07,7.8688
2011-10-10,7.8688
2011-10-11,7.9082
2011-10-12,7.7982
2011-10-13,7.9028
2011-10-14,7.8250
2011-10-17,7.9473
2011-10-18,8.0352
2011-10-19,8.0177
2011-10-20,8.2325
2011-10-21,8.0310
2011-10-24,7.8684
2011-10-25,7.8918
2011-10-26,7.9916
2011-10-27,7.6935
2011-10-28,7.7115
2011-10-31,7.8820
2011-11-01,8.0986
2011-11-02,7.9631
2011-11-03,7.8610
2011-11-04,7.8775
2011-11-07,7.9680
2011-11-08,7.8910
2011-11-09,7.9902
2011-11-10,7.9950
2011-11-11,7.9950
2011-11-14,7.9933
2011-11-15,8.2000
2011-11-16,8.1594
2011-11-17,8.1658
2011-11-18,8.2041
2011-11-21,8.3270
2011-11-22,8.3752
2011-11-23,8.5536
2011-11-24,8.5536
2011-11-25,8.5025
2011-11-28,8.3820
2011-11-29,8.3531
2011-11-30,8.1250
2011-12-01,8.0925
2011-12-02,8.0371
2011-12-05,7.9923
2011-12-06,8.0275
2011-12-07,8.0250
2011-12-08,8.2650
2011-12-09,8.1225
2011-12-12,8.2771
2011-12-13,8.2860
2011-12-14,8.4250
2011-12-15,8.3801
2011-12-16,8.3599
2011-12-19,8.3866
2011-12-20,8.2211
2011-12-21,8.2679
2011-12-22,8.1750
2011-12-23,8.1350
2011-12-26,8.1350
2011-12-27,8.1345
2011-12-28,8.1915
2011-12-29,8.1825
2011-12-30,8.0751
2012-01-02,8.0751
2012-01-03,8.0250
2012-01-04,8.1426
2012-01-05,8.1715
2012-01-06,8.1450
2012-01-09,8.1777
2012-01-10,8.1109
2012-01-11,8.1052
2012-01-12,8.0550
2012-01-13,8.1393
2012-01-16,8.1393
2012-01-17,8.0253
2012-01-18,7.9932
2012-01-19,7.9000
2012-01-20,7.9370
2012-01-23,7.9315
2012-01-24,7.9501
2012-01-25,8.0320
2012-01-26,7.7710
2012-01-27,7.7489
2012-01-30,7.8530
2012-01-31,7.8350
2012-02-01,7.6609
2012-02-02,7.6275
2012-02-03,7.5780
2012-02-06,7.5440
2012-02-07,7.5665
2012-02-08,7.5851
2012-02-09,7.5855
2012-02-10,7.7425
2012-02-13,7.6958
2012-02-14,7.7165
2012-02-15,7.6966
2012-02-16,7.7837
2012-02-17,7.7485
2012-02-20,7.7485
2012-02-21,7.7007
2012-02-22,7.7282
2012-02-23,7.6810
2012-02-24,7.5917
2012-02-27,7.5359
2012-02-28,7.5402
2012-02-29,7.4663
2012-03-01,7.4650
2012-03-02,7.5286
2012-03-05,7.5528
2012-03-06,7.6596
2012-03-07,7.6212
2012-03-08,7.5199
2012-03-09,7.5180
2012-03-12,7.5630
2012-03-13,7.5285
2012-03-14,7.6810
2012-03-15,7.6107
2012-03-16,7.5950
2012-03-19,7.5333
2012-03-20,7.6168
2012-03-21,7.6408
2012-03-22,7.7173
2012-03-23,7.7150
2012-03-26,7.5950
2012-03-27,7.5971
2012-03-28,7.6929
2012-03-29,7.7454
2012-03-30,7.6585
2012-04-02,7.6274
2012-04-03,7.6945
2012-04-04,7.8090
2012-04-05,7.8328
2012-04-06,7.8750
2012-04-09,7.8714
2012-04-10,8.0173
2012-04-11,8.0020
2012-04-12,7.8877
2012-04-13,7.9400
2012-04-16,7.9616
2012-04-17,7.7901
2012-04-18,7.8103
2012-04-19,7.8552
2012-04-20,7.8020
2012-04-23,7.8621
2012-04-24,7.7921
2012-04-25,7.7620
2012-04-26,7.7846
2012-04-27,7.7550
2012-04-30,7.7594
2012-05-01,7.7200
2012-05-02,7.7433
2012-05-03,7.7317
2012-05-04,7.8261
2012-05-07,7.8105
2012-05-08,7.8960
2012-05-09,7.9918
2012-05-10,8.0160
2012-05-11,8.0901
2012-05-14,8.1667
2012-05-15,8.2751
2012-05-16,8.2910
2012-05-17,8.3101
2012-05-18,8.3417
2012-05-21,8.2745
2012-05-22,8.2824
2012-05-23,8.4371
2012-05-24,8.3515
2012-05-25,8.3800
2012-05-28,8.3800
2012-05-29,8.3400
2012-05-30,8.5068
2012-05-31,8.5300
2012-06-01,8.5800
2012-06-04,8.4926
2012-06-05,8.4633
2012-06-06,8.3231
2012-06-07,8.3156
2012-06-08,8.4288
2012-06-11,8.4353
2012-06-12,8.4352
2012-06-13,8.3580
2012-06-14,8.4060
2012-06-15,8.3640
2012-06-18,8.3355
2012-06-19,8.2027
2012-06-20,8.1791
2012-06-21,8.3111
2012-06-22,8.4130
2012-06-25,8.5051
2012-06-26,8.4463
2012-06-27,8.4260
2012-06-28,8.4222
2012-06-29,8.1750
2012-07-02,8.1725
2012-07-03,8.0753
2012-07-04,8.0753
2012-07-05,8.1300
2012-07-06,8.2731
2012-07-09,8.2738
2012-07-10,8.1950
2012-07-11,8.2401
2012-07-12,8.3440
2012-07-13,8.2722
2012-07-16,8.2175
2012-07-17,8.2226
2012-07-18,8.1568
2012-07-19,8.1865
2012-07-20,8.2617
2012-07-23,8.4465
2012-07-24,8.5175
2012-07-25,8.4563
2012-07-26,8.2604
2012-07-27,8.1796
2012-07-30,8.2060
2012-07-31,8.2351
2012-08-01,8.2643
2012-08-02,8.3810
2012-08-03,8.1325
2012-08-06,8.1350
2012-08-07,8.1400
2012-08-08,8.1078
2012-08-09,8.1051
2012-08-10,8.0850
2012-08-13,8.1461
2012-08-14,8.1671
2012-08-15,8.2130
2012-08-16,8.2110
2012-08-17,8.3201
2012-08-20,8.3013
2012-08-21,8.2433
2012-08-22,8.3075
2012-08-23,8.2821
2012-08-24,8.3867
2012-08-27,8.3991
2012-08-28,8.3761
2012-08-29,8.4035
2012-08-30,8.4795
2012-08-31,8.3844
2012-09-03,8.3844
2012-09-04,8.4116
2012-09-05,8.3980
2012-09-06,8.2755
2012-09-07,8.1803
2012-09-10,8.1420
2012-09-11,8.1565
2012-09-12,8.3515
2012-09-13,8.3346
2012-09-14,8.2182
2012-09-17,8.2151
2012-09-18,8.1725
2012-09-19,8.2431
2012-09-20,8.3315
2012-09-21,8.2385
2012-09-24,8.2651
2012-09-25,8.1885
2012-09-26,8.2370
2012-09-27,8.2416
2012-09-28,8.2900
2012-10-01,8.3558
2012-10-02,8.3665
2012-10-03,8.4255
2012-10-04,8.5338
2012-10-05,8.6600
2012-10-08,8.6600
2012-10-09,8.7553
2012-10-10,8.7049
2012-10-11,8.7031
2012-10-12,8.6405
2012-10-15,8.8130
2012-10-16,8.7292
2012-10-17,8.5889
2012-10-18,8.6255
2012-10-19,8.6400
2012-10-22,8.6229
2012-10-23,8.7801
2012-10-24,8.7805
2012-10-25,8.7193
2012-10-26,8.6604
2012-10-29,8.7000
2012-10-30,8.6303
2012-10-31,8.6982
2012-11-01,8.6457
2012-11-02,8.7376
2012-11-05,8.7280
2012-11-06,8.6367
2012-11-07,8.6579
2012-11-08,8.7179
2012-11-09,8.7024
2012-11-12,8.7024
2012-11-13,8.7776
2012-11-14,8.8905
2012-11-15,8.9245
2012-11-16,8.8703
2012-11-19,8.8183
2012-11-20,8.8539
2012-11-21,8.9691
2012-11-22,8.9691
2012-11-23,8.8700
2012-11-26,8.8640
2012-11-27,8.8269
2012-11-28,8.8245
2012-11-29,8.7916
2012-11-30,8.8815
2012-12-03,8.8489
2012-12-04,8.8007
2012-12-05,8.7625
2012-12-06,8.6690
2012-12-07,8.6560
2012-12-10,8.6785
2012-12-11,8.6655
2012-12-12,8.6579
2012-12-13,8.6580
2012-12-14,8.6256
2012-12-17,8.5455
2012-12-18,8.5002
2012-12-19,8.4837
2012-12-20,8.5025
2012-12-21,8.5670
2012-12-24,8.5811
2012-12-25,8.5811
2012-12-26,8.5650
2012-12-27,8.5031
2012-12-28,8.4770
2012-12-31,8.4845
2013-01-01,8.4845
2013-01-02,8.4927
2013-01-03,8.5520
2013-01-04,8.5930
2013-01-07,8.5751
2013-01-08,8.5910
2013-01-09,8.5801
2013-01-10,8.6251
2013-01-11,8.7364
2013-01-14,8.7117
2013-01-15,8.8050
2013-01-16,8.7816
2013-01-17,8.8065
2013-01-18,8.8855
2013-01-21,8.8855
2013-01-22,8.8550
2013-01-23,9.0251
2013-01-24,9.0265
2013-01-25,8.9571
2013-01-28,9.1271
2013-01-29,9.0260
2013-01-30,9.0486
2013-01-31,8.9520
2013-02-01,8.8385
2013-02-04,8.9280
2013-02-05,8.8465
2013-02-06,8.9014
2013-02-07,8.9321
2013-02-08,8.8888
2013-02-11,8.9071
2013-02-12,8.9001
2013-02-13,8.8555
2013-02-14,8.8020
2013-02-15,8.8521
2013-02-18,8.8521
2013-02-19,8.8670
2013-02-20,8.8880
2013-02-21,8.8820
2013-02-22,8.8701
2013-02-25,8.8271
2013-02-26,8.8496
2013-02-27,8.8500
2013-02-28,8.9703
2013-03-01,9.0716
2013-03-04,9.0994
2013-03-05,9.0580
2013-03-06,9.0929
2013-03-07,9.1455
2013-03-08,9.1256
2013-03-11,9.1180
2013-03-12,9.1675
2013-03-13,9.2400
2013-03-14,9.1853
2013-03-15,9.1871
2013-03-18,9.1591
2013-03-19,9.2700
2013-03-20,9.2712
2013-03-21,9.3150
2013-03-22,9.3161
2013-03-25,9.2931
2013-03-26,9.2423
2013-03-27,9.2875
2013-03-28,9.1750
2013-03-29,9.2275
2013-04-01,9.1776
2013-04-02,9.2126
2013-04-03,9.2027
2013-04-04,9.1785
2013-04-05,9.0937
2013-04-08,9.0186
2013-04-09,8.9112
2013-04-10,8.9015
2013-04-11,8.8989
2013-04-12,8.9576
2013-04-15,9.1326
2013-04-16,9.1315
2013-04-17,9.1801
2013-04-18,9.1913
2013-04-19,9.2251
2013-04-22,9.2526
2013-04-23,9.2255
2013-04-24,9.1795
2013-04-25,9.0701
2013-04-26,9.1225
2013-04-29,8.9780
2013-04-30,8.9741
2013-05-01,9.0201
2013-05-02,8.9636
2013-05-03,8.9260
2013-05-06,8.9954
2013-05-07,9.0161
2013-05-08,9.0110
2013-05-09,8.9835
2013-05-10,9.1105
2013-05-13,9.1466
2013-05-14,9.2052
2013-05-15,9.2795
2013-05-16,9.3001
2013-05-17,9.4100
2013-05-20,9.4810
2013-05-21,9.5256
2013-05-22,9.5550
2013-05-23,9.5350
2013-05-24,9.5800
2013-05-27,9.5800
2013-05-28,9.7675
2013-05-29,9.7900
2013-05-30,10.0175
2013-05-31,10.0680
2013-06-03,9.8300
2013-06-04,9.7628
2013-06-05,10.0085
2013-06-06,9.8800
2013-06-07,9.9750
2013-06-10,10.1441
2013-06-11,10.0500
2013-06-12,10.0075
2013-06-13,9.9189
2013-06-14,9.9636
2013-06-17,9.9030
2013-06-18,9.9736
2013-06-19,9.9543
2013-06-20,10.2015
2013-06-21,10.2385
2013-06-24,10.1135
2013-06-25,10.0876
2013-06-26,10.1348
2013-06-27,9.9745
2013-06-28,9.8799
2013-07-01,9.8895
2013-07-02,9.9155
2013-07-03,10.0835
2013-07-04,10.0835
2013-07-05,10.1790
2013-07-08,10.2020
2013-07-09,10.0400
2013-07-10,10.0300
2013-07-11,9.9905
2013-07-12,9.9915
2013-07-15,9.8955
2013-07-16,9.8730
2013-07-17,9.8450
2013-07-18,9.9250
2013-07-19,9.8615
2013-07-22,9.8010
2013-07-23,9.7265
2013-07-24,9.7485
2013-07-25,9.8070
2013-07-26,9.7930
2013-07-29,9.7845
2013-07-30,9.7970
2013-07-31,9.9145
2013-08-01,9.9825
2013-08-02,9.8665
2013-08-05,9.8565
2013-08-06,9.9130
2013-08-07,9.8940
2013-08-08,9.8110
2013-08-09,9.7680
2013-08-12,9.8210
2013-08-13,9.9820
2013-08-14,9.9350
2013-08-15,9.9900
2013-08-16,10.0370
2013-08-19,10.1675
2013-08-20,10.1350
2013-08-21,10.2525
2013-08-22,10.2970
2013-08-23,10.2130
2013-08-26,10.3180
2013-08-27,10.4080
2013-08-28,10.3150
2013-08-29,10.3375
2013-08-30,10.2570
2013-09-02,10.2570
2013-09-03,10.3175
2013-09-04,10.2170
2013-09-05,10.2300
2013-09-06,10.0125
2013-09-09,9.9755
2013-09-10,10.0325
2013-09-11,9.9000
2013-09-12,9.9430
2013-09-13,9.9375
2013-09-16,9.7930
2013-09-17,9.7990
2013-09-18,9.8115
2013-09-19,9.6930
2013-09-20,9.8650
2013-09-23,9.8250
2013-09-24,9.8355
2013-09-25,9.9300
2013-09-26,10.0000
2013-09-27,10.0700
2013-09-30,10.0450
2013-10-01,10.0800
2013-10-02,10.0335
2013-10-03,10.0750
2013-10-04,9.9950
2013-10-07,9.9710
2013-10-08,9.9775
2013-10-09,9.9975
2013-10-10,9.8900
2013-10-11,9.8980
2013-10-14,9.8980
2013-10-15,9.9335
2013-10-16,9.8760
2013-10-17,9.8075
2013-10-18,9.7500
2013-10-21,9.8400
2013-10-22,9.7305
2013-10-23,9.7670
2013-10-24,9.7665
2013-10-25,9.8185
2013-10-28,9.8085
2013-10-29,9.8690
2013-10-30,9.8680
2013-10-31,10.0020
2013-11-01,10.1680
2013-11-04,10.1170
2013-11-05,10.2360
2013-11-06,10.2785
2013-11-07,10.2900
2013-11-08,10.3360
2013-11-11,10.3360
2013-11-12,10.3820
2013-11-13,10.3330
2013-11-14,10.2900
2013-11-15,10.1710
2013-11-18,10.1200
2013-11-19,10.1880
2013-11-20,10.0675
2013-11-21,10.1445
2013-11-22,10.0830
2013-11-25,10.0755
2013-11-26,10.1360
2013-11-27,10.2255
2013-11-28,10.2255
2013-11-29,10.1765
2013-12-02,10.2635
2013-12-03,10.3375
2013-12-04,10.4755
2013-12-05,10.4150
2013-12-06,10.3525
2013-12-09,10.3747
2013-12-10,10.3550
2013-12-11,10.3535
2013-12-12,10.4200
2013-12-13,10.3125
2013-12-16,10.2715
2013-12-17,10.3350
2013-12-18,10.3575
2013-12-19,10.3785
2013-12-20,10.3350
2013-12-23,10.3265
2013-12-24,10.3325
2013-12-25,10.3325
2013-12-26,10.3410
2013-12-27,10.4925
2013-12-30,10.4200
2013-12-31,10.4850
2014-01-01,10.4850
2014-01-02,10.6800
2014-01-03,10.6595
2014-01-06,10.6450
2014-01-07,10.6425
2014-01-08,10.7595
2014-01-09,10.8055
2014-01-10,10.6615
2014-01-13,10.7900
2014-01-14,10.8155
2014-01-15,10.8585
2014-01-16,10.9300
2014-01-17,10.8450
2014-01-20,10.8450
2014-01-21,10.8600
2014-01-22,10.8770
2014-01-23,10.9900
2014-01-24,11.0855
2014-01-27,11.1760
2014-01-28,11.0565
2014-01-29,11.1900
2014-01-30,11.1600
2014-01-31,11.1445
2014-02-03,11.2515
2014-02-04,11.0910
2014-02-05,11.1360
2014-02-06,11.0150
2014-02-07,11.0380
2014-02-10,11.1135
2014-02-11,10.9750
2014-02-12,11.0010
2014-02-13,11.0195
2014-02-14,10.8700
2014-02-17,10.8700
2014-02-18,10.8605
2014-02-19,10.9270
2014-02-20,11.0000
2014-02-21,10.9405
2014-02-24,10.8100
2014-02-25,10.7155
2014-02-26,10.8460
2014-02-27,10.7245
2014-02-28,10.7265
2014-03-03,10.8735
2014-03-04,10.7850
2014-03-05,10.6995
2014-03-06,10.6000
2014-03-07,10.7150
2014-03-10,10.7530
2014-03-11,10.8050
2014-03-12,10.8540
2014-03-13,10.7760
2014-03-14,10.7200
2014-03-17,10.7320
2014-03-18,10.7300
2014-03-19,10.7500
2014-03-20,10.9300
2014-03-21,10.8650
2014-03-24,10.8555
2014-03-25,10.7635
2014-03-26,10.6855
2014-03-27,10.6200
2014-03-28,10.5950
2014-03-31,10.5275
2014-04-01,10.5630
2014-04-02,10.6165
2014-04-03,10.6455
2014-04-04,10.5295
2014-04-07,10.5180
2014-04-08,10.4295
2014-04-09,10.4510
2014-04-10,10.3775
2014-04-11,10.4790
2014-04-14,10.4985
2014-04-15,10.5500
2014-04-16,10.5500
2014-04-17,10.4850
2014-04-18,10.4825
2014-04-21,10.4925
2014-04-22,10.5410
2014-04-23,10.6085
2014-04-24,10.6230
2014-04-25,10.6520
2014-04-28,10.6275
2014-04-29,10.5615
2014-04-30,10.5195
2014-05-01,10.4820
2014-05-02,10.4775
2014-05-05,10.4700
2014-05-06,10.5000
2014-05-07,10.4635
2014-05-08,10.3205
2014-05-09,10.3745
2014-05-12,10.3695
2014-05-13,10.3200
2014-05-14,10.3075
2014-05-15,10.4190
2014-05-16,10.3495
2014-05-19,10.3445
2014-05-20,10.4400
2014-05-21,10.4075
2014-05-22,10.3200
2014-05-23,10.2990
2014-05-26,10.2990
2014-05-27,10.4605
2014-05-28,10.4780
2014-05-29,10.4050
2014-05-30,10.5860
2014-06-02,10.6840
2014-06-03,10.7335
2014-06-04,10.7630
2014-06-05,10.6955
2014-06-06,10.5870
2014-06-09,10.6285
2014-06-10,10.7070
2014-06-11,10.7320
2014-06-12,10.6880
2014-06-13,10.7100
2014-06-16,10.7372
2014-06-17,10.8165
2014-06-18,10.7355
2014-06-19,10.7060
2014-06-20,10.6925
2014-06-23,10.5640
2014-06-24,10.5805
2014-06-25,10.5780
2014-06-26,10.6300
2014-06-27,10.6165
2014-06-30,10.6240
2014-07-01,10.6750
2014-07-02,10.7435
2014-07-03,10.7435
2014-07-04,10.7435
2014-07-07,10.7840
2014-07-08,10.6940
2014-07-09,10.6880
2014-07-10,10.7060
2014-07-11,10.7155
2014-07-14,10.6795
2014-07-15,10.7115
2014-07-16,10.6675
2014-07-17,10.7225
2014-07-18,10.6535
2014-07-21,10.6115
2014-07-22,10.5650
2014-07-23,10.5000
2014-07-24,10.5220
2014-07-25,10.5095
2014-07-28,10.5810
2014-07-29,10.6000
2014-07-30,10.6895
2014-07-31,10.7060
2014-08-01,10.7015
2014-08-04,10.6980
2014-08-05,10.7555
2014-08-06,10.7275
2014-08-07,10.7375
2014-08-08,10.6690
2014-08-11,10.6330
2014-08-12,10.6355
2014-08-13,10.5820
2014-08-14,10.5400
2014-08-15,10.6000
2014-08-18,10.6135
2014-08-19,10.6410
2014-08-20,10.7020
2014-08-21,10.6940
2014-08-22,10.6985
2014-08-25,10.7020
2014-08-26,10.6850
2014-08-27,10.6195
2014-08-28,10.6455
2014-08-29,10.6475
2014-09-01,10.6475
2014-09-02,10.7420
2014-09-03,10.6805
2014-09-04,10.7055
2014-09-05,10.6915
2014-09-08,10.7780
2014-09-09,10.9245
2014-09-10,10.9265
2014-09-11,10.9545
2014-09-12,10.9930
2014-09-15,10.9850
2014-09-16,10.8720
2014-09-17,10.9670
2014-09-18,11.0540
2014-09-19,11.0800
2014-09-22,11.1635
2014-09-23,11.1350
2014-09-24,11.1495
2014-09-25,11.1830
2014-09-26,11.2500
2014-09-29,11.2655
2014-09-30,11.3055
2014-10-01,11.2500
2014-10-02,11.2150
2014-10-03,11.3425
2014-10-06,11.2450
2014-10-07,11.1795
2014-10-08,11.1730
2014-10-09,11.0850
2014-10-10,11.0875
2014-10-13,11.0875
2014-10-14,11.0405
2014-10-15,11.0640
2014-10-16,11.0975
2014-10-17,11.0910
2014-10-20,11.0180
2014-10-21,10.9925
2014-10-22,10.9835
2014-10-23,10.9650
2014-10-24,10.9290
2014-10-27,10.9420
2014-10-28,10.8555
2014-10-29,10.8325
2014-10-30,10.8710
2014-10-31,11.0470
2014-11-03,11.0755
2014-11-04,11.0460
2014-11-05,11.1400
2014-11-06,11.2455
2014-11-07,11.2695
2014-11-10,11.2520
2014-11-11,11.2520
2014-11-12,11.1740
2014-11-13,11.2125
2014-11-14,11.1070
2014-11-17,11.1150
2014-11-18,11.0245
2014-11-19,11.0665
2014-11-20,10.9625
2014-11-21,10.9360
2014-11-24,11.0330
2014-11-25,10.9375
2014-11-26,10.9645
2014-11-27,10.9645
2014-11-28,11.0595
2014-12-01,10.9940
2014-12-02,11.1210
2014-12-03,11.2375
2014-12-04,11.1780
2014-12-05,11.3435
2014-12-08,11.5560
2014-12-09,11.4210
2014-12-10,11.5300
2014-12-11,11.6300
2014-12-12,11.6625
2014-12-15,11.7455
2014-12-16,11.6675
2014-12-17,11.6240
2014-12-18,11.5605
2014-12-19,11.6160
2014-12-22,11.5270
2014-12-23,11.6355
2014-12-24,11.6540
2014-12-25,11.6540
2014-12-26,11.6540
2014-12-29,11.6370
2014-12-30,11.5650
2014-12-31,11.5425
